Word,Valence Mean,Arousal Mean,Dominance Mean
不可思議,5.4,7.2,
不平,3.6,5.8,
不甘,3.2,6.4,
不安,3.8,5.4,
不利,3.6,5.6,
不足,4.2,4.2,
不定,4.2,3.8,
不宜,3.8,4.4,
不幸,2.6,6.0,
不拘小節,6.4,4.2,
不服,3.4,6.6,
不知所措,3.2,6.2,
不便,4.0,4.4,
不耐,4.0,4.4,
不耐煩,3.6,6.0,
不准,3.6,6.2,
不屑,3.0,6.0,
不悅,3.2,6.0,
不爽,2.8,7.2,
不祥,2.8,5.2,
不符,3.8,4.0,
不順,3.6,4.6,
不當,3.4,5.6,
不解,4.2,4.2,
不滿,3.2,6.4,
不適,3.6,4.6,
正,6.6,5.0,
多餘,4.0,4.0,
好,6.8,5.2,
否定,3.4,5.4,
否認,3.6,5.2,
足夠,5.8,4.0,
肯定,6.8,6.0,
哇,6.0,6.6,
哎呀,4.8,6.8,
恰好,6.4,5.0,
耶,7.2,7.2,
單獨,4.4,3.6,
無力,3.2,3.6,
無足輕重,4.4,4.0,
無情,2.6,5.8,
無理,2.6,6.8,
無暇,3.6,5.6,
無趣,3.4,5.2,
無禮,2.8,7.0,
想,5.2,3.6,
過分,2.8,6.8,
對,6.4,4.8,
認真,7.0,5.0,
嘻,6.6,5.8,
嘻嘻,7.0,6.2,
隨便,4.2,5.2,
隨意,5.6,4.2,
豐富,6.8,5.6,
願意,6.8,5.0,
小心,4.6,6.0,
分享,6.8,4.6,
支持,7.2,5.0,
支撐,5.6,5.6,
付出,5.8,5.6,
失去,3.2,6.4,
失敗,2.2,7.2,
打,3.2,6.6,
同意,6.4,4.4,
成功,8.2,6.6,
死,1.2,5.0,
吸引,6.0,6.2,
希望,7.0,5.2,
忘記,4.0,4.6,
協助,6.6,4.6,
抱,5.8,5.2,
玩,5.6,5.8,
信任,7.8,5.8,
相信,7.2,5.4,
討厭,2.6,6.6,
貢獻,7.4,5.6,
逃避,3.0,6.0,
喜愛,7.2,6.2,
喜歡,7.0,5.8,
喪失,2.6,5.8,
期望,6.0,5.2,
答應,5.8,5.0,
幹,1.0,8.8,
愛,8.2,5.4,
愛好,7.0,5.6,
感謝,7.4,5.6,
損失,3.2,5.2,
經歷,5.0,4.8,
遇到,5.0,4.2,
遊戲,5.8,4.8,
鼓勵,7.0,6.2,
適合,5.6,3.8,
擔心,3.4,6.6,
輸,3.0,4.4,
錯過,3.6,4.4,
幫忙,6.4,5.0,
幫助,6.6,5.6,
應付,4.2,5.4,
謝謝,6.6,5.8,
懷念,6.0,5.6,
關心,6.4,6.0,
關懷,6.8,6.4,
贏,7.2,7.0,
贏得,7.4,7.0,
下流,2.2,7.6,
王八蛋,1.4,8.6,
他媽的,1.4,8.4,
白目,2.2,7.2,
白癡,2.2,7.4,
呸,2.4,7.4,
垃圾,2.2,7.4,
怪胎,2.4,7.0,
放屁,2.6,7.0,
狗屁,2.4,7.6,
淫婦,1.8,7.8,
混蛋,2.0,8.0,
笨蛋,3.0,5.6,
媽的,2.2,7.6,
愚蠢,2.8,6.0,
該死,2.6,7.6,
賤,2.2,7.2,
賤人,2.0,7.8,
賤貨,1.8,8.2,
操,2.0,8.0,
蕩婦,1.8,7.8,
蹩腳,3.6,5.2,
壞蛋,3.0,6.4,
爛貨,2.2,6.8,
白痴,2.4,6.4,
八卦,3.4,4.6,
仇人,2.2,7.2,
仇恨,2.2,7.8,
仇敵,2.0,7.6,
分擔,5.6,4.4,
友,6.4,4.2,
反駁,3.8,6.4,
打岔,3.8,4.2,
打架,2.6,7.6,
打斷,4.0,4.6,
交往,6.4,5.2,
同情,5.4,4.2,
安心,5.6,2.4,
伴侶,7.0,4.6,
忌妒,3.0,6.8,
批評,3.2,7.6,
抗議,3.2,7.8,
取笑,3.6,6.2,
坦白,6.0,5.6,
奉承,3.6,5.6,
奉獻,6.8,6.0,
抱怨,2.8,6.6,
拒絕,3.0,6.6,
放心,6.2,3.2,
朋友,6.8,4.2,
爭吵,3.4,6.6,
爭論,3.8,6.6,
知己,7.2,4.8,
侮辱,2.4,7.6,
信服,6.4,5.4,
信賴,7.2,5.4,
冒犯,3.2,7.0,
怨恨,2.0,7.8,
指責,3.4,6.8,
原諒,5.8,4.2,
辱罵,2.4,7.0,
鬥爭,3.0,7.4,
情人,6.8,6.6,
甜心,6.8,6.0,
責備,3.4,6.4,
逗弄,5.4,5.4,
插嘴,3.6,5.6,
款待,6.2,5.4,
詛咒,2.2,7.4,
開玩笑,6.2,5.2,
閒話,4.0,4.4,
愛人,7.2,6.8,
愛戀,7.6,6.8,
隔離,3.4,5.0,
嘉獎,6.8,5.8,
稱讚,6.8,6.0,
說服,5.0,4.2,
說長道短,3.2,5.0,
駁斥,2.8,7.2,
嘲弄,2.6,6.2,
嘲笑,2.6,6.6,
嘲罵,2.6,7.4,
嘲諷,2.6,7.4,
寬恕,6.2,4.6,
慶典,6.6,5.6,
慶祝,7.0,6.4,
憐憫,5.8,5.0,
摯友,7.4,5.2,
敵人,3.0,6.0,
樂意,6.8,5.4,
熱愛,7.2,7.0,
調情,5.4,6.8,
諂媚,3.4,5.6,
親切,7.0,5.0,
親愛,7.4,6.0,
親愛的,7.2,6.4,
幫手,6.4,4.8,
戲弄,3.4,6.2,
鍾愛,7.0,6.6,
歸咎,3.2,5.6,
離婚,2.4,5.8,
懷疑,3.8,4.4,
譏,3.2,6.0,
寶貝,7.4,6.4,
饒恕,5.6,5.0,
譴責,3.0,7.2,
歡迎,7.2,6.4,
歡送,6.0,6.2,
歡聚,7.2,6.2,
戀人,7.0,5.8,
戀愛,7.6,6.4,
讚美,7.0,5.6,
讚揚,7.6,6.6,
讚譽,7.6,6.8,
ㄏㄏ,5.8,4.6,
一無所有,2.4,4.4,
七竅生煙,2.2,7.8,
了不起,7.0,6.4,
人心惶惶,2.6,7.4,
上級,4.8,4.4,
上當,3.2,6.2,
下定決心,6.2,6.8,
口吃,3.8,4.0,
大方,6.4,5.2,
大笑,6.4,6.8,
大膽,5.4,6.2,
小氣,3.6,4.6,
小偷,3.2,5.6,
才能,6.6,4.6,
才智,7.0,4.6,
不仁,3.0,5.8,
不貞,2.8,6.8,
不顧一切,4.6,7.8,
中斷,4.6,3.6,
仁心,7.4,5.2,
仁術,7.4,5.0,
仁愛,7.8,5.2,
仁慈,7.8,5.2,
仁義,7.4,5.4,
仇,2.4,6.0,
仇殺,1.4,8.2,
仇視,2.0,7.6,
元兇,2.2,6.4,
內疚,3.0,5.0,
公憤,2.4,8.0,
凶,2.8,7.2,
分心,4.0,4.4,
分手,2.8,6.4,
分歧,3.2,5.6,
分紅,6.2,4.4,
分散,4.4,3.8,
分裂,3.6,5.8,
勾引,3.8,6.4,
厄運,3.0,5.8,
及時,6.4,5.4,
反抗,3.6,6.6,
反叛,2.8,6.4,
反派,3.2,5.0,
反感,3.6,5.2,
反對,3.4,6.2,
天才,6.8,5.4,
天堂,7.0,5.4,
天資,5.8,4.4,
天賦,6.0,4.4,
幻想,4.6,4.2,
引人注目,5.8,6.4,
引誘,3.8,6.4,
心灰意冷,2.8,3.6,
心神不定,3.2,6.6,
心神不寧,3.2,6.8,
心情,5.0,3.6,
心痛,2.6,7.2,
心愛,7.2,6.4,
心煩意亂,3.0,7.4,
心碎,2.2,8.0,
心酸,2.8,6.8,
支配,4.6,5.2,
欠債,3.4,4.6,
毛骨悚然,2.2,8.0,
火熱,6.4,7.2,
世仇,1.8,8.2,
乏味,3.4,3.0,
仔細,6.2,3.8,
充沛,6.6,6.0,
出色,7.2,5.6,
功勞,6.8,5.4,
古怪,4.2,4.8,
可口,6.4,5.8,
可怕,3.4,6.8,
可恥,2.4,7.2,
可笑,3.0,6.6,
可悲,2.6,6.4,
可惡,2.4,7.2,
可愛,7.0,6.2,
可鄙,2.4,7.4,
可憎,2.4,7.2,
可憐,3.6,5.2,
可靠,6.8,5.2,
外向,6.0,5.8,
外行,3.8,4.6,
外傷,3.6,6.2,
失眠,3.0,3.6,
失控,2.4,7.8,
失望,3.0,5.6,
失誤,3.6,5.4,
平安,7.2,3.4,
平和,7.0,2.8,
平庸,4.6,3.0,
平靜,6.4,2.4,
平穩,5.8,3.4,
打仗,3.0,7.6,
打倒,3.4,6.6,
打破,4.0,6.2,
打情罵俏,4.6,6.6,
打敗,6.2,6.0,
打擊,4.2,6.8,
打擾,3.6,5.6,
打攪,3.6,5.6,
末日,1.8,6.8,
正面,6.6,4.6,
生命力,6.8,5.8,
生氣,5.4,5.8,
生氣勃勃,7.0,6.8,
生病,3.4,4.0,
生動,6.4,5.8,
生疏,3.8,3.4,
生厭,3.4,5.8,
用力,5.0,7.0,
目瞪口呆,5.0,7.4,
矛盾,4.2,4.6,
丟人,2.8,6.0,
丟人現眼,2.4,6.8,
丟下,2.8,5.4,
丟棄,3.0,5.6,
丟臉,3.0,5.8,
交戰,4.0,7.4,
任性,3.4,5.4,
兇,3.4,7.2,
光亮,5.8,4.6,
光榮,6.8,6.2,
光輝,6.6,5.8,
劣,3.0,5.0,
危,3.2,6.6,
吃醋,3.6,6.6,
吃驚,3.8,7.8,
合宜,6.2,4.4,
回春,6.2,4.8,
多情,4.2,6.0,
多疑,3.8,6.0,
好玩,6.2,5.8,
好笑,6.2,6.4,
好處,6.2,5.0,
好棒,7.2,6.6,
好運,6.6,5.2,
妄想,3.2,6.0,
安全,6.4,4.4,
安逸,6.0,3.4,
安寧,6.2,2.8,
安靜,5.6,2.4,
安穩,6.0,2.6,
成見,3.8,5.2,
成就,7.0,6.2,
收穫,6.8,5.6,
曲解,3.4,6.0,
有力,6.0,6.0,
有用,6.4,5.2,
有利,5.8,5.4,
有助,6.4,5.2,
有害,3.4,5.6,
有效,6.6,5.0,
有益,6.6,5.0,
有趣,7.0,5.6,
有錢,6.4,5.4,
次要,4.6,5.0,
次等,4.0,4.6,
死人,2.2,7.0,
死亡,2.2,6.8,
死不,3.8,5.6,
死心,2.4,5.8,
死刑,2.4,7.2,
死氣,3.0,5.8,
死期,2.8,6.6,
死當,3.0,6.4,
死路,3.2,5.0,
死對頭,2.6,7.4,
污穢,2.4,7.2,
灰心,3.6,4.6,
百感交集,3.4,7.2,
自大,3.0,6.6,
自甘墮落,2.6,5.2,
自由,6.6,5.2,
自在,6.8,4.6,
自私,3.2,4.6,
自卑,2.6,3.8,
自信,7.0,5.6,
自負,4.6,6.0,
自責,3.6,5.2,
自尊,5.4,4.8,
自豪,6.6,6.0,
自鳴得意,4.2,5.0,
自暴自棄,2.0,7.0,
至高無上,7.6,6.8,
至善,7.6,6.0,
色情,2.8,6.2,
伶俐,6.8,5.0,
低沉,4.6,3.4,
低能,2.6,4.6,
低能兒,2.6,4.8,
低迷,3.6,3.2,
低落,3.8,3.0,
佔便宜,3.6,4.4,
作嘔,2.6,7.4,
作弊,2.0,6.4,
克制,5.0,5.0,
免費,6.2,4.8,
冷,3.6,4.4,
冷淡,3.0,3.6,
冷酷,2.4,5.4,
冷靜,5.2,4.4,
利己,5.6,4.8,
利益,6.2,5.0,
利潤,6.6,5.4,
吝嗇,3.4,4.6,
含糊,3.8,4.2,
吹毛求疵,3.2,5.6,
吻,7.2,7.6,
呆,3.8,3.8,
困,3.8,4.4,
坎坷,2.0,4.8,
壯闊,6.8,6.0,
壯麗,7.0,6.4,
壯觀,7.0,6.8,
妓女,2.8,4.8,
妨害,2.6,6.2,
妨礙,3.2,5.8,
孝,7.2,4.0,
孝順,7.4,5.4,
孝敬,7.4,5.4,
完美,7.6,6.4,
完備,6.8,4.8,
完善,6.8,4.6,
宏大,7.0,6.0,
宏偉,7.2,7.0,
屁眼,1.8,5.6,
岔開,4.0,4.2,
巫婆,3.6,5.0,
庇護,6.2,5.6,
弄痛,3.0,6.4,
弄壞,3.2,6.0,
忍,3.8,5.0,
忐忑,3.8,6.8,
忘恩負義,1.8,7.8,
快樂,7.2,6.4,
扭曲,3.6,5.2,
扶持,6.0,4.2,
批判,2.6,6.8,
把握,5.8,4.6,
抑制,4.8,5.4,
抑鬱,2.4,5.8,
投入,6.0,5.2,
抗爭,3.4,7.2,
折磨,2.4,7.0,
改善,6.6,5.2,
改進,6.2,4.6,
攻勢,5.2,6.4,
攻擊,3.6,7.4,
決心,6.4,6.6,
決定,6.0,7.0,
沉重,3.2,5.8,
沉迷,3.0,5.2,
沉著,6.4,3.2,
災,2.0,5.6,
牢騷,3.4,6.2,
狂怒,1.6,8.6,
狂笑,8.2,8.2,
狂喜,8.6,8.8,
狂暴,1.8,8.8,
狂熱,4.6,8.8,
狂躁,2.2,8.8,
私生子,3.2,4.0,
肝腸寸斷,1.6,8.0,
良,6.4,4.8,
走運,7.0,5.8,
辛酸,2.8,6.0,
邪惡,2.4,6.6,
享受,6.6,4.8,
佳,6.4,4.6,
使勁,4.6,6.4,
依戀,5.6,5.6,
典範,7.2,5.4,
刺眼,3.2,5.6,
刺痛,2.8,6.6,
刺傷,2.8,7.0,
刺激,4.2,8.0,
刻薄,2.8,6.6,
卑劣,2.0,8.0,
卑鄙,1.8,8.2,
受不了,3.0,7.4,
受苦,3.0,6.0,
受虐,1.8,8.0,
受害,1.8,7.8,
受惠,7.0,5.4,
受傷,2.8,5.4,
受罪,2.8,6.8,
受騙,3.0,6.4,
周到,6.6,4.4,
呵呵,6.0,4.6,
呼天搶地,1.8,8.8,
命運,4.8,4.4,
咆嘯,3.6,8.0,
和平,6.4,3.2,
和善,7.0,3.0,
和煦,6.8,4.0,
和睦,6.6,4.2,
和諧,7.2,3.4,
和藹,7.4,3.4,
咒罵,2.4,7.4,
固執,3.4,5.4,
坦率,6.6,4.6,
坦誠,7.0,4.2,
奇怪,4.2,5.2,
奇特,5.4,5.4,
孤,3.4,4.6,
宜人,6.4,3.8,
幸運,7.2,5.4,
幸福,7.8,4.0,
忠,7.0,5.4,
忠心,7.4,6.2,
忠孝,7.4,5.8,
忠誠,7.2,5.8,
忠實,7.0,5.8,
忽略,4.0,3.8,
忽視,3.2,4.8,
怕,3.2,6.4,
怕生,4.0,5.2,
怕羞,4.2,5.4,
怡人,6.0,4.2,
性情,5.2,4.4,
性騷擾,2.6,6.6,
怪,3.4,4.8,
怪異,3.6,5.0,
怪誕,3.4,5.8,
承擔,5.2,5.4,
承諾,6.6,5.2,
抨擊,2.8,7.2,
抱歉,4.0,3.8,
抵制,3.2,6.6,
拉緊,5.2,5.6,
拋棄,2.6,5.8,
拙劣,2.6,6.2,
放任,3.0,6.2,
放棄,2.6,5.8,
放肆,2.4,7.8,
放縱,2.8,6.8,
放鬆,6.2,2.0,
昂貴,3.8,4.4,
明亮,6.6,4.0,
明智,7.2,4.4,
昏沉,3.2,3.4,
昏亂,3.4,5.2,
昏頭,3.4,4.8,
易怒,3.2,6.6,
服從,5.4,3.8,
枉然,3.4,4.2,
果斷,6.0,6.0,
欣欣,6.4,6.4,
欣喜,7.0,7.0,
欣然,6.4,6.2,
欣慰,6.2,4.6,
欣賞,6.8,5.6,
歧視,2.8,6.8,
沮喪,2.8,5.2,
治療,5.4,3.8,
沾沾自喜,4.6,6.0,
泣,3.4,5.0,
玩耍,6.2,5.8,
玩笑,5.6,6.0,
玩樂,6.2,6.6,
知足,6.6,4.2,
知識,6.6,3.4,
空洞,4.0,3.2,
空虛,3.0,4.2,
花招,4.0,4.8,
長處,6.8,4.8,
非人,3.4,5.8,
非禮,2.2,7.6,
非難,3.2,5.6,
侵犯,2.4,6.2,
侵佔,2.6,6.6,
侵害,2.4,7.2,
侵略,2.4,7.8,
侵擾,3.0,6.8,
侵襲,2.6,7.8,
侷促,4.0,5.6,
俊美,6.6,4.6,
俗,3.8,4.6,
俗氣,3.8,4.4,
保衛,5.8,6.4,
保證,6.6,6.2,
保護,6.8,6.8,
信心,7.4,5.4,
信奉,6.6,5.2,
信義,7.0,5.4,
信實,6.6,4.8,
信譽,7.0,5.4,
冒險,4.8,7.6,
冠軍,8.0,7.4,
勇氣,7.6,6.8,
勇敢,7.4,6.6,
勉強,3.8,5.0,
叛亂,2.4,7.8,
咬牙切齒,2.2,8.2,
咯咯笑,6.4,5.8,
哀求,2.8,5.6,
哀怨,2.8,6.0,
哀淒,2.6,5.6,
哀痛,2.4,6.6,
哀傷,2.4,5.4,
哀愁,2.4,5.4,
哀號,2.0,7.4,
哀慟,1.8,7.6,
品行,5.4,4.6,
品德,5.2,4.2,
哄騙,3.4,5.6,
哈,5.8,5.2,
哈哈,6.6,6.0,
威脅,3.0,7.4,
威嚴,5.4,5.4,
帥,6.6,5.2,
帥氣,7.0,6.0,
幽默,7.0,5.6,
後悔,3.2,4.2,
怒,2.4,7.2,
怒不,3.8,5.8,
怒火,2.4,7.6,
怒斥,2.0,8.6,
怒目,2.6,8.0,
怒色,2.8,7.4,
怒吼,2.0,8.8,
怒氣,2.4,7.8,
怒視,2.4,8.0,
怒罵,1.8,8.8,
思,4.4,4.8,
思念,4.4,4.4,
思鄉,3.8,5.8,
恍惚,3.8,3.8,
恨,2.4,7.2,
恬,5.4,3.6,
恰當,6.0,4.2,
拮据,3.2,3.8,
拯救,6.4,6.6,
拷打,2.6,7.6,
拷問,2.8,7.0,
拼命,5.2,7.6,
挑剔,3.8,5.4,
挑戰,6.2,6.8,
挑釁,3.2,6.8,
挖苦,3.4,5.8,
柔,5.2,3.0,
柔軟,5.8,3.4,
柔順,5.8,3.2,
柔腸寸斷,1.8,7.8,
歪曲,3.6,4.0,
毒,2.8,5.8,
洩氣,3.6,3.6,
活力,6.6,6.2,
活潑,6.8,6.4,
活躍,6.4,7.6,
流行,5.6,5.2,
流淚,3.2,5.4,
炫耀,3.8,6.0,
為難,3.4,4.8,
狠心,2.4,7.4,
珍奇,6.8,5.8,
珍惜,7.0,5.0,
珍視,7.0,5.2,
珍貴,7.0,5.4,
珍愛,7.2,6.0,
珍藏,6.6,5.4,
盼望,6.2,5.4,
看不起,3.2,6.0,
約束,4.6,4.6,
美人,6.0,5.4,
美好,6.8,5.6,
美妙,7.0,6.2,
美味,6.8,5.6,
美夢,6.8,5.8,
美滿,7.4,6.4,
美德,7.4,5.2,
美麗,7.2,5.8,
背叛,2.0,8.0,
胡扯,3.0,7.6,
致命,2.0,7.8,
苛求,3.0,6.6,
若無其事,4.0,4.6,
苦,3.2,4.6,
苦惱,3.2,5.0,
英俊,6.6,4.4,
英勇,7.0,6.6,
英雄,7.6,7.0,
虐待,2.2,7.4,
負心,2.4,6.2,
負債,3.2,6.0,
負擔,3.6,5.2,
迫害,2.2,7.4,
重大,4.8,7.2,
重擔,3.8,7.2,
陌生,4.0,3.8,
降級,3.6,5.8,
面臨,4.8,5.8,
風險,3.8,6.4,
首要,5.2,5.0,
首創,5.4,5.6,
倒楣,3.2,5.4,
倒霉,3.2,5.4,
倔強,4.2,6.4,
值得,6.4,5.6,
值錢,6.2,5.6,
凌亂,3.4,6.0,
剝奪,3.0,6.6,
哭泣,2.8,6.6,
哭喊,2.8,7.8,
哭訴,2.8,6.8,
哭鬧,2.8,7.4,
哽咽,3.0,6.4,
唐突,3.6,5.4,
奚落,3.2,6.0,
娛樂,6.4,6.2,
害怕,3.2,5.6,
害羞,4.2,4.6,
容光煥發,7.2,5.0,
容忍,3.6,5.6,
差,3.4,4.6,
差勁,3.4,6.8,
弱,3.8,4.6,
弱點,3.8,4.8,
徒勞無功,3.4,4.4,
恐怖,3.0,6.8,
恐慌,3.0,7.0,
恐嚇,2.4,7.4,
恐懼,2.6,6.8,
恩典,6.8,4.6,
恩惠,6.4,5.0,
恭維,5.0,4.6,
悔之,4.2,5.6,
悔改,4.0,6.0,
悔恨,2.8,7.4,
悔悟,3.2,7.0,
悔意,3.0,5.8,
悔過,2.8,6.2,
挫折,3.0,5.0,
挫敗,3.0,6.8,
振奮,7.2,7.0,
捐贈,6.4,5.2,
效率,6.2,4.8,
時髦,6.4,5.2,
書呆子,3.6,4.2,
栩栩如生,6.8,5.4,
氣急敗壞,2.4,7.8,
氣憤,2.4,7.0,
氣餒,2.8,4.0,
浪漫,6.6,6.0,
消沉,3.4,4.2,
消極,3.2,4.0,
消滅,3.6,6.0,
狹小,3.8,4.0,
狹隘,3.8,4.2,
疲乏,3.0,3.8,
疲於奔命,2.4,6.0,
疲倦,3.0,4.0,
疲弱,3.0,3.6,
疲累,3.0,3.6,
疲勞,3.0,3.8,
疲憊,3.0,3.6,
疼痛,3.4,6.0,
疼愛,7.0,6.4,
益處,6.6,5.2,
真心,7.0,5.6,
真相,6.4,5.4,
真理,6.4,5.6,
真誠,7.0,5.0,
真實,6.0,4.6,
破滅,3.0,7.0,
破壞,2.8,6.8,
祝賀,7.0,6.2,
祝福,6.6,5.8,
神經病,2.8,6.4,
神經質,3.2,5.6,
神聖,7.2,5.0,
笑,6.8,5.8,
笑死,5.4,7.0,
笑容,7.2,5.2,
笑話,5.8,4.8,
紛爭,3.0,6.6,
缺少,3.6,4.4,
缺乏,3.4,4.6,
缺失,3.6,4.4,
缺陷,3.0,4.6,
缺德,2.8,6.8,
缺憾,2.6,6.2,
缺點,3.6,4.6,
能幹,6.8,6.0,
脅迫,2.6,7.2,
脆弱,3.4,4.6,
臭,3.8,4.6,
臭味,3.8,5.0,
臭氣,3.6,5.4,
茫然,3.4,3.4,
草率,3.4,4.8,
荒唐,2.8,6.8,
荒謬,2.6,7.2,
虔誠,6.6,5.4,
衰,3.6,4.2,
衰老,3.4,4.2,
衰弱,3.2,5.0,
衰退,3.2,5.0,
衰敗,3.0,6.2,
衰微,3.2,4.8,
衷心,6.6,5.4,
討喜,6.8,6.0,
迴避,3.6,5.0,
迷人,6.8,6.2,
迷失,3.4,4.6,
迷惘,3.4,5.0,
迷惑,3.4,4.6,
迷亂,3.2,6.2,
迷路,4.2,5.2,
迷戀,4.4,6.2,
逃離,4.0,6.2,
逆向,4.0,4.4,
高貴,6.6,4.0,
高階,5.8,3.8,
高雅,7.0,4.0,
高傲,3.2,6.0,
高興,7.0,6.6,
假裝,4.2,4.6,
偉大,7.2,6.6,
偏心,3.2,5.4,
偏好,5.2,4.0,
偏見,3.4,5.6,
偏執,3.6,5.6,
偏愛,5.0,4.8,
偷,2.4,5.0,
偷取,2.4,6.4,
偷竊,2.4,7.0,
偽造,2.6,6.0,
動人,6.8,6.2,
動聽,7.0,6.6,
啜泣,3.0,6.8,
執拗,3.6,6.0,
堅決,5.4,6.2,
堅定,6.2,6.4,
堅強,6.8,6.2,
娼妓,2.8,5.8,
寂寞,3.2,4.6,
寂寥,3.2,2.4,
崇拜,6.4,6.8,
崇高,7.2,6.4,
強,6.4,5.4,
強力,6.2,6.4,
強壯,6.8,5.4,
強姦,1.4,8.4,
強迫,2.8,7.4,
強烈,4.8,7.8,
強健,6.6,6.4,
強硬,4.8,7.0,
強暴犯,1.4,8.6,
得意,5.8,5.4,
得意洋洋,4.6,6.6,
得罪,3.2,5.6,
得體,6.2,4.6,
徘徊,4.6,4.6,
從容,5.8,3.4,
悠閒,6.4,2.6,
患病,2.8,4.8,
情緒,4.6,5.4,
惋惜,3.0,4.4,
掃興,3.2,4.8,
排斥,3.2,6.0,
掙扎,3.2,7.4,
掛念,4.8,5.2,
掛慮,4.8,6.0,
控制,4.2,5.0,
推崇,6.4,5.8,
敏捷,6.2,5.4,
敏感,4.6,5.0,
敏銳,6.4,5.2,
救,5.0,6.4,
敗壞,2.6,7.6,
欲絕,2.0,8.2,
殺,1.6,7.8,
殺死,1.4,8.2,
淘氣,5.6,5.6,
淚流滿面,2.0,7.8,
淚珠,3.6,4.6,
淡漠,4.0,2.2,
淨土,5.4,3.2,
深思,5.2,2.6,
深情,7.2,5.2,
深愛,8.0,6.4,
混帳,1.6,8.0,
混亂,3.0,6.4,
淹沒,3.6,5.6,
清白,6.2,3.4,
清楚,5.6,3.8,
爽,7.2,7.2,
爽心,7.2,7.0,
爽快,7.4,6.8,
爽約,3.2,5.4,
爽朗,6.8,5.2,
牽掛,4.4,5.0,
猛烈,4.6,8.4,
猜疑,3.2,5.6,
理智,6.2,3.6,
理想,6.8,5.0,
甜言,6.4,5.0,
甜美,6.6,3.6,
甜密,7.0,5.0,
甜甜,6.4,4.4,
甜蜜,6.8,5.4,
甜頭,5.8,4.6,
疏忽,3.4,5.4,
疏漏,3.4,5.4,
盛怒,1.8,8.6,
眼花撩亂,4.4,5.6,
眼花繚亂,4.4,5.6,
眼淚,3.4,5.8,
眾怒,2.0,8.0,
窒息,2.2,4.8,
窒礙,2.6,6.8,
笨,3.4,5.4,
笨手笨腳,3.2,6.0,
笨拙,3.2,4.8,
粗心,3.8,4.8,
粗俗,3.0,5.6,
粗野,3.0,6.8,
粗暴,2.2,8.2,
粗魯,3.4,6.0,
累,3.6,4.6,
細心,5.2,3.6,
統治,5.2,6.2,
羞怯,3.6,4.4,
羞恥,2.6,7.4,
羞辱,2.0,7.8,
羞愧,2.8,7.2,
羞憤,2.2,7.8,
莊嚴,5.8,3.4,
處罰,3.4,6.0,
設防,5.0,4.8,
許諾,5.8,4.8,
貧困,3.2,4.4,
貧苦,2.8,5.4,
貧病,2.8,4.6,
貧窮,2.8,4.6,
貧賤,2.4,7.4,
貪,3.2,5.4,
貪心,3.0,5.6,
貪生,3.0,5.4,
貪汙,1.8,7.6,
貪求,3.2,5.8,
貪念,3.6,5.0,
貪婪,2.8,6.6,
貪圖,3.0,5.8,
貪慾,3.6,5.6,
軟弱,3.6,3.6,
逗趣,6.4,5.2,
逝世,2.4,4.2,
造反,2.2,7.8,
野蠻,3.0,6.8,
陰沉,3.2,3.4,
陰森,3.2,3.6,
陰暗,3.6,3.8,
陳腐,2.8,5.0,
陶醉,6.4,4.4,
麻木,4.0,3.2,
麻煩,3.6,5.0,
凱旋,7.2,7.0,
創傷,2.8,6.2,
勝利,7.8,7.2,
勝過,6.2,5.8,
博愛,6.8,4.6,
博學,6.8,4.8,
善心,6.8,4.2,
善良,7.4,4.4,
善意,6.8,5.0,
喜上眉稍,7.4,6.8,
喜出望外,7.8,7.6,
喜形於色,7.4,6.8,
喜怒哀樂,5.0,5.2,
喜怒無常,3.4,5.8,
喜宴,6.6,6.2,
喜悅,7.4,6.2,
喜氣,7.0,5.0,
喜從天降,7.4,7.0,
喜新厭舊,3.4,5.2,
喜極而泣,8.2,8.4,
喜劇,6.8,5.0,
喜慶,7.4,6.6,
喝采,7.4,7.0,
喪心,3.0,6.2,
喪生,1.8,6.6,
喪志,2.4,5.4,
喪氣,3.0,5.0,
喪偶,2.6,6.2,
喪盡,2.8,7.0,
喪膽,2.8,7.6,
喪禮,2.0,4.4,
報仇,2.8,8.0,
報復,2.2,7.6,
富有,7.2,4.8,
富裕,7.4,5.4,
寒酸,3.6,4.2,
尊重,6.8,5.2,
尊貴,6.8,5.2,
尊敬,7.0,5.4,
尊榮,7.6,5.2,
尊嚴,6.2,5.2,
尋歡作樂,4.2,6.4,
就緒,5.2,3.6,
復仇,2.2,7.6,
悲哀,2.6,4.6,
悲苦,2.4,5.0,
悲悽,2.2,4.8,
悲情,3.0,5.0,
悲喜,4.4,5.4,
悲痛,2.6,6.8,
悲傷,2.8,6.0,
悲愁,2.8,4.6,
悲慘,2.2,7.0,
悲慟,1.8,8.4,
悲劇,2.2,6.4,
悲憤,2.4,7.8,
悲憫,2.8,5.0,
悲歡,4.8,5.4,
悲觀,3.2,4.4,
悶,3.8,4.0,
悶悶不樂,3.6,4.0,
惡人,2.8,6.2,
惡化,2.8,6.2,
惡劣,2.6,6.8,
惡言,2.6,6.6,
惡性,2.8,6.4,
惡毒,2.0,7.4,
惡狠狠,2.4,7.8,
惡耗,2.0,7.4,
惡臭,2.8,6.6,
惡鬥,2.6,7.6,
惡意,2.8,6.8,
惡運,2.8,6.0,
惡夢,3.0,6.8,
惱,3.2,6.6,
惶,3.4,6.4,
愉,5.8,5.2,
提防,4.6,6.0,
散漫,3.4,4.0,
景仰,6.8,5.8,
智慧,7.4,4.0,
最好,6.8,6.2,
最佳,7.2,6.4,
期盼,6.2,6.0,
棒,6.8,5.8,
棘手,3.4,6.2,
欺,3.2,6.2,
欽佩,7.2,5.8,
殘忍,2.0,7.8,
殘酷,1.8,8.2,
殘暴,1.6,8.8,
渴求,5.0,6.8,
渴望,5.6,5.8,
無用,3.6,4.4,
無助,3.4,4.8,
無味,4.4,3.2,
無奈,3.6,4.2,
無知,3.6,4.4,
無畏,6.6,6.4,
無害,5.6,4.2,
無效,4.2,4.4,
無益,3.8,3.8,
無能,3.0,6.0,
無常,3.6,4.2,
無望,2.8,4.8,
無聊,3.8,3.4,
無辜,4.4,4.0,
無意義,4.2,4.0,
無精打采,3.6,3.4,
無憂無慮,7.0,3.6,
無關緊要,4.6,3.4,
無懼,5.8,5.8,
焦急,3.0,7.0,
焦慮,3.2,6.4,
猶疑,4.0,5.2,
猶豫,4.2,4.8,
痛,3.0,6.2,
痛不欲生,1.8,8.4,
痛苦,2.4,6.8,
痛哭流涕,1.8,8.0,
發抖,3.4,6.2,
發牢騷,3.6,6.0,
發狂,2.6,7.8,
發怒,2.4,8.0,
發臭,3.2,5.8,
發愁,3.0,6.2,
盜,3.0,5.8,
結巴,4.0,4.6,
絕妙,6.8,6.8,
絕望,2.2,6.0,
脾氣,4.8,4.4,
舒服,6.6,3.6,
舒適,6.8,3.6,
華麗,6.8,5.6,
著迷,5.6,7.0,
虛心,6.2,2.6,
虛弱,3.0,3.4,
虛榮,3.0,6.2,
虛榮心,3.0,6.0,
訴苦,3.2,6.6,
詐騙,2.6,7.0,
費力,3.4,6.2,
跛,3.2,5.0,
跛腳,3.2,5.2,
鈍,3.8,2.6,
開心,7.2,6.6,
開明,7.0,5.0,
開朗,7.2,5.4,
閒散,4.6,2.2,
陽光,7.2,5.0,
隆重,6.6,7.0,
雅緻,6.8,4.4,
順利,7.0,5.0,
亂,3.6,5.8,
傲慢,2.8,6.0,
傳情,6.4,5.4,
債務,3.0,5.2,
傷,3.4,5.2,
傷人,3.2,6.8,
傷亡,2.2,7.4,
傷天害理,1.4,8.0,
傷心,3.0,6.2,
傷害,2.8,6.6,
傷神,3.4,5.6,
傷痕,3.6,5.0,
傷悲,3.0,6.0,
傷殘,2.8,5.8,
傷痛,3.0,6.6,
傷勢,3.4,4.6,
傷感,3.4,5.2,
傻,3.6,4.0,
傻子,3.6,4.2,
傻笑,4.0,5.4,
勢利,3.2,5.4,
嗚咽,2.6,5.6,
嫉,3.0,6.2,
嫌,3.0,5.8,
徬徨,4.0,4.4,
微笑,6.4,4.6,
微醺,5.8,5.2,
想念,4.8,5.4,
惹惱,3.0,7.2,
愁,3.4,4.8,
愚笨,3.2,4.0,
愛心,7.0,4.6,
愛情,7.0,5.8,
愛慕,6.8,6.2,
愛護,7.0,5.4,
感恩,7.2,4.8,
感情,5.4,5.2,
感傷,3.8,5.4,
感激,6.8,7.2,
愧,3.4,6.2,
慈祥,7.0,4.2,
慈善,7.0,4.6,
慈悲,5.6,5.0,
慌,3.2,6.8,
損人,3.0,6.2,
損害,2.8,6.4,
損傷,2.8,6.8,
損壞,2.6,7.2,
搏鬥,3.2,7.2,
敬畏,6.8,6.4,
敬重,7.0,6.0,
敬意,6.6,4.8,
暖和,6.4,4.0,
業障,3.0,5.8,
極好,7.8,7.8,
極端,4.4,7.0,
極樂,6.8,6.6,
毀掉,2.8,6.6,
毀敗,2.8,6.4,
毀棄,2.8,6.6,
毀傷,2.6,6.4,
毀損,2.8,6.2,
毀滅,2.8,7.6,
毀謗,2.6,7.4,
毀壞,3.2,5.8,
溫和,6.0,3.6,
溫柔,6.6,4.2,
溫情,6.6,4.8,
溫暖,7.2,4.2,
溫馨,7.4,4.0,
滑稽,4.2,5.0,
煩,3.4,5.4,
煩人,3.4,6.2,
煩心,3.2,6.0,
煩忙,3.2,6.2,
煩勞,3.2,5.8,
煩悶,3.0,5.8,
煩惱,3.0,6.2,
煩亂,3.0,7.2,
煩愁,2.8,6.8,
煩瑣,3.6,5.6,
煩擾,3.4,6.0,
煩雜,3.4,6.0,
煩躁,3.2,7.6,
痴狂,4.0,7.6,
禁止,3.4,5.2,
禁忌,3.0,5.2,
罪,3.0,5.4,
罪人,2.8,6.0,
罪大惡極,1.4,8.8,
罪犯,2.6,6.0,
罪名,2.6,5.2,
罪行,2.4,6.0,
罪惡,2.2,7.0,
罪過,2.6,6.4,
罪孽,2.0,7.6,
羨慕,6.0,5.6,
義,6.4,6.0,
義憤,3.2,7.6,
萬念俱灰,1.4,7.4,
萬歲,7.6,7.6,
落伍,3.6,4.2,
落空,3.4,5.8,
解決,6.2,4.8,
解脫,6.2,6.0,
詫異,4.2,6.8,
詭計,3.4,5.2,
詼諧,6.4,4.6,
誇大,3.6,5.0,
誠,6.8,4.8,
誠心,7.0,4.6,
誠實,7.2,4.8,
賊,2.6,6.0,
躲避,3.6,4.8,
遇難,2.0,6.4,
過失,3.0,5.4,
過錯,3.2,5.0,
違心,3.0,5.2,
違犯,3.0,5.2,
違抗,2.8,6.8,
違法,2.4,6.6,
違紀,2.6,5.6,
違約,2.8,5.6,
違背,3.0,4.8,
違規,3.4,5.2,
頑固,3.2,6.4,
頑強,5.0,6.2,
鼓舞,6.6,6.8,
厭世,2.2,6.6,
厭食,2.8,5.2,
厭倦,3.2,4.2,
厭惡,2.6,7.2,
厭煩,3.0,5.6,
嘆,4.0,3.6,
嘆息,3.4,3.8,
嘆氣,3.2,4.0,
嫩,5.2,4.4,
寧靜,6.2,1.6,
對抗,4.0,7.2,
對質,3.8,7.0,
慘,2.8,5.0,
慢,4.4,2.8,
慷慨,6.8,5.8,
摧毀,2.8,7.2,
榮幸,6.8,5.4,
榮耀,7.6,7.0,
榮譽,7.6,5.8,
滿足,7.4,4.6,
滿意,7.2,5.6,
漂亮,7.2,6.0,
漫不經心,3.2,3.4,
瑣事,3.8,4.6,
瑣碎,3.8,4.6,
疑心,3.2,5.4,
疑神,3.8,5.6,
疑惑,3.8,4.8,
疑慮,3.6,5.0,
疑點,3.8,4.2,
疑難,3.8,4.4,
疑懼,3.8,6.2,
瘋,2.6,7.8,
禍,3.2,6.0,
福氣,7.0,4.4,
精力,5.4,4.0,
精心,6.2,4.6,
精美,6.4,4.2,
精疲力盡,3.0,5.2,
精疲力竭,3.0,5.4,
精彩,7.6,7.6,
緊張,3.6,7.0,
緊繃,3.8,7.2,
腐朽,2.8,4.0,
腐臭,3.0,4.4,
腐敗,2.4,5.6,
腐爛,2.6,4.8,
認可,5.8,4.0,
誤,3.6,4.0,
誤會,3.2,5.4,
誤解,3.4,5.6,
說謊,2.6,5.4,
豪爽,7.2,6.8,
豪華,6.8,5.8,
輕快,6.2,4.8,
輕忽,3.8,5.2,
輕視,3.2,5.6,
輕蔑,2.6,6.8,
輕鬆,6.0,2.2,
遠離,4.4,3.8,
鄙,2.8,6.2,
酷刑,2.0,8.2,
酷愛,8.0,7.2,
酸,4.6,4.8,
酸甜苦辣,4.8,5.2,
銘印,5.8,6.2,
骯髒,3.2,4.6,
鼻酸,3.4,6.4,
僵化,3.8,4.0,
僵住,3.8,3.6,
僵冷,3.6,3.4,
僵局,3.8,4.2,
僵持,3.4,5.6,
僵硬,3.4,5.4,
劇烈,4.6,8.2,
嘮叨,3.8,5.8,
噁,2.4,6.0,
噁心,2.2,6.8,
墮落,2.4,6.2,
嫵媚,6.6,5.6,
嬉笑,5.8,5.6,
嬌弱,3.8,3.4,
寬大,6.2,4.2,
寬容,7.0,3.2,
德行,6.6,3.2,
慶功,7.0,7.2,
慶生,6.4,6.4,
慶幸,6.4,6.0,
慶賀,7.0,6.0,
憂心,3.6,6.0,
憂患,3.2,5.4,
憂勞,3.6,5.6,
憂傷,3.0,5.6,
憂愁,2.8,5.4,
憂煩,3.0,5.4,
憂慮,2.8,6.2,
憂鬱,2.4,4.8,
憎,2.2,6.8,
憐惜,4.6,4.8,
憤,2.6,7.6,
摯情,7.2,5.4,
摯愛,7.8,6.2,
摯誠,7.6,6.0,
撒謊,3.2,5.2,
撫育,6.0,3.8,
敵視,3.0,6.6,
敵意,3.4,6.4,
敵對,2.8,7.0,
暴力,2.2,7.8,
暴怒,1.8,8.4,
暴躁,2.8,8.0,
樂,6.6,5.6,
樂子,6.2,4.2,
樂不,5.2,4.4,
樂天,6.8,4.6,
樂在其中,7.0,5.6,
樂此,6.4,5.0,
樂而,6.2,4.4,
樂得,6.2,4.4,
樂善,6.4,4.4,
樂園,6.4,5.4,
樂極生悲,2.8,6.8,
樂趣,6.4,5.0,
樂觀,7.0,5.0,
歎為觀止,6.6,7.6,
毅然,5.8,6.4,
潔淨,6.2,4.6,
熱切,6.2,6.4,
熱烈,6.4,7.6,
熱衷,6.4,6.4,
熱情,6.6,6.4,
熱望,6.2,6.0,
熱淚盈眶,5.0,7.6,
熱鬧,6.4,6.6,
獎,6.8,5.2,
獎助,7.0,5.2,
獎杯,7.4,5.4,
獎狀,7.4,5.2,
獎金,7.6,5.6,
獎品,7.4,5.6,
獎章,6.8,5.0,
獎牌,6.8,5.2,
獎賞,6.6,5.4,
獎學金,7.4,5.6,
獎勵,7.0,5.2,
確定,6.2,5.2,
確信,6.2,5.4,
窮,3.6,4.0,
窮困,3.0,4.2,
糊塗,3.8,3.6,
緩和,5.2,3.2,
蔑視,2.6,6.6,
衝突,3.4,6.8,
衝擊,3.2,7.2,
調皮,5.0,4.8,
調戲,3.6,6.2,
賤民,2.2,7.6,
賤骨頭,1.8,7.8,
質疑,3.6,5.6,
輝煌,7.0,6.2,
適宜,6.4,5.0,
適時,6.2,5.0,
適當,6.2,4.6,
遭受,3.6,5.8,
鋌而走險,3.0,7.0,
震怒,2.4,8.2,
震顫,3.2,7.4,
震驚,3.6,7.4,
霉運,2.8,5.4,
養育,6.2,4.0,
魄力,7.0,6.2,
魅力,7.2,5.6,
懊悔,3.4,6.4,
懊惱,3.2,7.0,
戰火,3.0,6.8,
戰爭,3.0,7.2,
戰鬥,3.0,7.0,
戰勝,7.4,7.4,
戰亂,3.0,7.2,
擁抱,6.4,5.6,
擁護,6.4,6.0,
擅長,6.2,5.0,
操心,3.8,5.6,
操守,5.2,3.8,
操勞,3.6,5.2,
擔保,5.0,4.8,
擔憂,3.6,4.8,
整齊,6.6,4.2,
整潔,6.8,4.2,
機敏,7.0,5.6,
機警,7.0,6.4,
機靈,7.0,6.0,
激怒,2.6,7.8,
激動,4.8,7.8,
激情,5.4,7.4,
激勵,7.2,6.8,
獨自,4.2,3.2,
獨創,6.2,4.2,
瘸,3.4,3.6,
積極,6.6,6.6,
罹難,1.8,7.0,
膩,3.6,4.0,
興旺,6.8,5.6,
興致,6.2,6.0,
興趣,6.6,5.4,
興奮,7.4,7.2,
融洽,7.4,5.0,
褫奪,2.6,7.4,
親,6.6,5.8,
親吻,7.2,7.4,
親和,7.0,4.4,
親密,7.6,6.2,
諷刺,3.0,6.8,
諾言,6.8,5.8,
謀殺,1.6,7.8,
踴躍,6.8,6.8,
蹂躪,2.2,7.6,
輸家,3.0,5.0,
輸掉,3.4,5.2,
遲到,3.8,5.0,
遲鈍,3.6,3.6,
遲疑,3.6,4.8,
遺棄,2.8,5.8,
遺憾,2.6,4.8,
錯,3.0,4.8,
錯亂,3.0,6.2,
錯誤,3.2,5.6,
頭昏,3.2,4.6,
默哀,2.2,4.2,
優,6.8,5.4,
優秀,7.6,6.6,
優良,7.6,6.2,
優柔寡斷,3.2,4.6,
優美,6.8,5.4,
優勝,7.6,6.8,
優惠,6.8,6.2,
優雅,6.8,5.0,
優勢,6.8,6.0,
優點,7.0,5.0,
嚇,3.6,6.8,
壓力,2.6,6.8,
壓抑,2.6,5.4,
壓制,3.6,6.0,
壓迫,2.8,7.2,
尷尬,3.8,4.6,
懦,3.2,4.2,
擊,4.8,6.6,
擊敗,6.0,6.8,
濫用,3.0,5.6,
濫情,3.0,6.2,
燦爛,6.6,6.4,
獲勝,7.8,7.2,
獲獎,7.8,7.0,
瞧不起,3.2,6.2,
糟,3.4,4.4,
糟糕,3.2,5.2,
糟蹋,2.4,7.2,
繁瑣,3.8,5.0,
繃緊,4.2,7.2,
聰明,7.0,4.8,
膽小,3.6,4.6,
膽怯,3.2,5.2,
膽量,5.4,4.6,
膽戰心驚,2.8,7.6,
艱困,3.2,6.6,
艱辛,3.0,6.4,
艱苦,3.0,6.6,
艱深,3.4,6.4,
艱鉅,3.2,7.2,
艱險,3.0,7.8,
艱澀,3.2,7.2,
艱難,3.2,7.2,
虧損,3.2,5.6,
褻瀆,2.4,7.6,
謝天謝地,7.4,7.4,
謝意,6.2,6.0,
醜,3.6,3.8,
鮮明,6.4,5.4,
鮮美,6.2,5.4,
嚮往,6.0,5.0,
簡潔,6.2,4.8,
謹慎,6.4,4.2,
蹧蹋,2.6,7.2,
鎮定,5.4,2.8,
鎮靜,5.4,1.8,
鎮壓,3.0,7.0,
雜亂,3.6,5.6,
鬆懈,3.6,4.2,
壞人,3.4,5.4,
壞心,3.4,6.0,
壞死,2.8,5.0,
壞事,3.4,5.2,
壞處,3.4,5.0,
壞話,3.4,5.0,
壞運,3.0,5.6,
寵愛,6.8,5.6,
懲罰,3.4,6.2,
懶惰,3.4,4.0,
懶散,3.6,3.0,
懷鄉,5.0,4.6,
爆發,4.2,7.6,
癡迷,3.8,6.8,
穩健,7.0,5.2,
贊同,7.0,5.0,
辭職,4.0,4.8,
難吃,3.4,5.8,
難堪,3.0,6.4,
難過,3.0,5.6,
難聞,3.6,5.6,
難熬,2.6,7.2,
難題,3.6,5.2,
願,6.0,5.0,
騙,3.4,6.0,
嚴重,3.2,7.0,
嚴峻,3.0,7.6,
嚴格,3.8,6.8,
嚴酷,2.8,7.6,
嚴厲,3.8,7.4,
寶貴,7.0,5.0,
競爭,5.0,6.6,
耀眼,6.6,6.4,
觸目驚心,2.6,8.0,
觸怒,2.8,7.4,
觸景傷情,2.8,6.2,
贏取,6.4,6.0,
贏錢,6.6,6.2,
騷動,4.0,6.6,
騷擾,3.4,6.0,
懼怕,2.6,7.2,
爛,2.8,5.6,
犧牲,3.6,6.6,
纏身,3.6,6.2,
纏訟,3.6,5.6,
纏綿,6.8,6.6,
蠢,3.0,5.2,
護,6.0,4.4,
躊躇,4.2,4.8,
顧慮,4.2,4.6,
歡天喜地,8.2,7.8,
歡心,7.2,6.6,
歡呼,7.2,7.2,
歡欣,7.2,7.0,
歡笑,7.4,6.8,
歡喜,7.4,6.8,
歡愉,6.6,6.8,
歡樂,7.2,6.8,
歡聲,7.2,6.2,
歡歡喜喜,8.0,6.8,
顫抖,3.2,6.8,
驕傲,4.8,6.4,
髒,3.2,4.6,
攪亂,3.0,6.6,
變味,3.4,5.2,
變動,4.8,6.0,
變質,3.4,5.0,
驚,4.8,7.0,
驚人,4.8,7.6,
驚心,4.6,7.6,
驚呆,4.4,7.8,
驚奇,6.2,7.4,
驚怕,3.6,7.0,
驚恐,2.8,7.8,
驚悚,2.8,7.8,
驚異,3.8,7.2,
驚訝,5.0,7.2,
驚喜,7.2,7.4,
驚愕,3.6,7.4,
驚慌,3.2,7.6,
驚嘆,5.4,7.6,
驚疑,4.0,7.2,
驚歎,5.0,7.6,
驚險,4.0,7.6,
驚駭,3.2,7.8,
驚嚇,3.0,7.8,
驚擾,3.4,6.8,
體面,6.4,5.4,
體貼,7.0,5.6,
體會,6.4,4.4,
體諒,6.6,4.8,
靈巧,7.2,4.8,
靈活,6.8,4.2,
靈敏,6.6,4.2,
靈感,6.2,4.2,
齷齪,2.2,8.0,
讚,7.6,5.6,
讚不絕口,8.2,8.0,
讚佩,7.8,7.0,
讚嘆,7.6,7.2,
讚歎,7.6,7.2,
讚賞,7.8,6.8,
鬱,3.0,4.8,
貪污,1.8,7.6,
進行,5.4,3.4,
舉行,5.6,3.8,
發展,6.2,4.2,
參加,5.4,4.2,
增加,5.8,4.0,
合作,6.4,4.2,
接受,5.6,3.6,
成為,5.4,3.8,
完成,6.4,5.0,
獲得,6.2,4.2,
通過,6.4,4.4,
特別,5.8,4.2,
瞭解,5.6,3.6,
重要,6.0,5.6,
建設,6.2,3.8,
管理,5.4,3.2,
改革,6.2,5.4,
開放,6.2,4.6,
成長,6.8,4.8,
正式,5.4,4.2,
準備,5.0,3.8,
開發,5.8,4.6,
說明,4.8,3.4,
聯合,5.0,4.0,
經營,5.8,4.0,
機會,6.2,4.4,
生產,5.8,4.0,
專家,6.2,4.2,
努力,6.8,5.8,
注意,5.6,4.6,
達成,6.4,5.0,
負責,6.0,4.2,
資源,5.4,2.8,
公開,5.4,3.8,
穩定,6.0,3.4,
提高,5.8,5.0,
能力,5.6,3.2,
達到,5.8,5.0,
法律,4.6,3.6,
重視,5.6,5.6,
協調,5.0,4.2,
全面,5.0,3.6,
考慮,4.6,3.8,
健康,6.0,4.0,
實際,5.0,3.2,
全力,5.8,5.4,
擁有,5.6,4.2,
必要,5.0,5.4,
經驗,5.6,3.2,
促進,6.2,5.4,
藝術,5.6,2.8,
獨立,5.6,3.4,
訓練,5.2,4.2,
提升,6.0,4.8,
衛生,5.8,3.2,
明顯,5.6,3.8,
知道,5.4,3.2,
符合,6.0,3.4,
堅持,6.2,5.2,
給予,5.8,4.2,
正常,5.8,3.4,
權益,5.2,3.8,
地位,5.4,3.8,
很多,5.6,4.2,
音樂,5.2,3.0,
良好,6.8,4.2,
承認,5.0,3.8,
高級,6.2,4.4,
學習,5.6,3.8,
福利,6.6,4.0,
自然,5.2,3.4,
通知,5.0,3.4,
明確,6.2,3.4,
真正,5.4,3.6,
確實,5.4,3.6,
公平,5.8,4.0,
充分,5.8,4.4,
得到,5.6,4.0,
規範,5.4,3.4,
一致,5.2,3.6,
合理,5.8,3.6,
支援,5.6,4.2,
主動,5.8,5.0,
掌握,5.2,4.2,
紀念,5.6,3.0,
容易,5.6,3.2,
領先,6.4,5.0,
安定,5.6,3.2,
財產,5.2,2.4,
合法,5.8,3.4,
實現,5.8,4.0,
獲利,6.6,4.6,
防止,4.8,5.0,
創造,6.2,4.4,
迅速,5.8,4.8,
進步,6.6,4.8,
秩序,5.6,3.4,
當然,5.2,4.0,
正確,6.4,4.2,
推薦,6.2,4.4,
特色,5.6,3.2,
實在,5.4,3.4,
澄清,4.4,4.0,
繁榮,6.6,4.0,
時機,5.2,3.2,
解除,4.8,3.4,
批准,5.4,3.2,
認同,6.4,4.6,
完整,5.8,3.4,
夥伴,5.4,3.2,
贊成,6.2,4.6,
期待,6.2,5.6,
增進,5.8,4.4,
著名,6.0,3.6,
表揚,6.0,4.6,
遵守,5.2,3.0,
創新,6.2,4.6,
享有,5.4,3.6,
平衡,5.4,2.8,
詳細,5.4,3.2,
許可,5.4,3.2,
方便,6.0,3.8,
自動,5.4,2.8,
友好,6.2,4.4,
合格,6.4,4.0,
健全,6.2,3.8,
固定,5.2,2.8,
學會,6.0,3.4,
審慎,5.6,3.8,
實行,5.2,3.6,
信用,6.0,3.8,
傑出,7.4,5.0,
的確,5.2,3.0,
義務,5.0,3.2,
思考,5.4,3.4,
黃金,5.6,3.2,
促成,5.8,4.4,
習慣,5.0,3.0,
毫無,4.2,3.2,
專門,5.2,3.6,
顯著,5.4,4.4,
慰問,4.2,4.4,
清理,4.8,4.2,
請求,4.6,4.2,
重要性,5.0,5.0,
平等,5.8,3.4,
務實,6.0,3.6,
正義,6.4,4.8,
消除,4.0,4.4,
清除,4.0,4.4,
休息,5.2,2.8,
成熟,5.8,3.2,
理性,5.6,3.2,
強大,6.2,5.4,
減輕,5.2,3.8,
革命,5.0,6.2,
法定,5.0,3.6,
贊助,6.0,4.2,
明白,5.0,3.8,
可行,5.6,4.0,
公正,6.6,4.2,
福祉,6.2,3.4,
克服,5.2,5.4,
助益,6.2,4.4,
道德,5.6,3.4,
圓滿,6.4,4.4,
適應,5.2,4.0,
奪得,5.2,5.6,
生效,5.6,3.8,
期許,5.8,4.6,
便利,6.0,3.4,
熟悉,5.4,4.0,
正當,6.2,4.0,
履行,5.2,3.8,
凝聚,5.6,3.6,
革新,6.2,5.4,
友誼,6.4,4.0,
奮鬥,6.6,5.8,
自主,5.6,4.2,
巨大,5.2,4.8,
開拓,5.6,4.6,
過關,6.0,5.0,
營養,5.4,3.0,
適度,5.2,3.0,
罕見,5.2,4.2,
天然,5.6,3.6,
首位,5.8,3.4,
讓步,4.6,3.6,
深刻,5.4,4.6,
得獎,7.0,5.8,
致意,5.2,4.2,
名譽,6.2,4.2,
愛國,6.8,5.8,
中和,5.4,2.8,
嚴密,4.8,4.8,
突出,5.6,5.0,
理解,5.8,4.2,
前進,6.0,4.2,
聲望,6.0,3.8,
慎重,5.6,3.8,
熱心,6.4,5.2,
推進,5.2,4.8,
愉快,7.0,4.8,
技巧,5.2,3.2,
允諾,5.4,3.8,
感動,6.2,4.8,
良性,6.4,4.0,
清潔,5.2,3.6,
便宜,6.0,3.0,
想像,5.2,3.6,
蓬勃,6.0,5.2,
資助,5.4,3.8,
警覺,4.6,4.4,
發達,6.0,5.0,
無罪,5.4,4.0,
均衡,5.2,3.0,
分工,5.2,3.2,
精密,5.6,3.6,
卓越,6.6,4.6,
充份,5.6,4.0,
職責,5.0,3.2,
自願,5.0,3.8,
輔助,5.2,3.6,
倫理,5.2,3.0,
互惠,6.4,4.0,
平息,4.8,3.8,
及格,6.0,4.0,
創立,5.4,3.4,
節約,5.4,3.4,
財富,5.6,3.4,
建設性,5.8,3.4,
互利,5.8,3.8,
切實,5.2,3.6,
招待,5.4,4.2,
效能,5.4,3.8,
諒解,4.8,4.0,
開採,5.2,3.8,
生育,5.2,4.4,
美化,6.0,4.2,
夢想,6.2,4.6,
優質,7.2,4.4,
獨特,6.4,4.2,
留意,4.8,3.6,
無疑,5.0,3.2,
理會,5.0,3.4,
約定,5.2,4.0,
締造,5.4,4.6,
賺錢,5.6,4.6,
充裕,6.2,4.0,
通用,5.2,3.4,
合乎,5.2,3.2,
毫不,4.4,3.8,
簡易,5.6,3.2,
絕無,4.6,3.8,
精緻,6.0,3.4,
光明,6.6,3.8,
好事,6.6,3.8,
注目,5.2,3.8,
免除,5.0,4.0,
穩固,5.8,3.8,
保密,5.2,3.6,
樂見,6.0,4.6,
道理,5.2,3.2,
改良,5.6,4.2,
新鮮,6.0,3.8,
透明,5.0,3.0,
古典,5.2,2.8,
趣味,5.8,4.2,
集資,5.2,4.0,
專屬,5.6,3.6,
敬佩,6.2,4.6,
友善,6.6,4.0,
人性,5.0,2.8,
合適,5.6,3.2,
天使,6.6,3.8,
一流,6.8,4.6,
助長,5.4,4.6,
嚴謹,5.2,4.2,
吸引力,5.4,3.6,
優於,5.4,4.4,
互助,5.8,3.6,
深切,5.0,4.0,
好奇,5.0,4.2,
衛冕,6.0,5.0,
守法,5.8,3.6,
充足,5.6,4.0,
嶄新,6.4,5.0,
不遺餘力,6.2,5.6,
特大,5.4,5.2,
才藝,5.8,3.4,
誠摯,6.4,4.2,
準確,5.8,3.6,
妥當,5.4,3.4,
加薪,6.2,4.6,
發覺,5.0,3.0,
熱忱,6.0,4.8,
補足,5.2,3.4,
節制,5.0,3.6,
暢談,5.8,5.4,
鼓掌,6.2,5.4,
在意,5.0,3.8,
精確,5.8,3.8,
矯正,4.8,4.0,
聲譽,5.4,4.2,
無比,5.4,3.2,
無異議,5.2,3.0,
去除,4.8,3.4,
實用,5.6,3.8,
誠懇,6.6,4.0,
協力,5.8,3.6,
發育,5.6,3.6,
捐獻,6.4,4.6,
熱誠,6.6,5.2,
良心,6.0,3.4,
由衷,5.0,3.8,
清晰,5.4,3.6,
奪冠,7.0,5.8,
合法性,5.2,3.8,
適任,5.6,3.4,
樂於,6.4,4.6,
邏輯,5.2,2.8,
有名,6.0,4.2,
可取,5.8,3.6,
調停,4.8,3.4,
讚許,6.6,5.4,
非凡,6.2,4.0,
奇異,5.2,4.4,
感人,6.2,5.4,
在乎,5.6,4.4,
遠見,6.2,3.8,
持久,5.6,4.0,
正規,5.8,3.2,
親近,6.2,3.8,
醫治,4.8,3.8,
人情,5.2,3.4,
穩定性,5.4,3.0,
難忘,5.2,4.2,
端正,5.6,3.6,
修理,4.8,3.8,
教養,5.6,3.6,
洋溢,6.2,4.6,
啟發,6.0,4.2,
討好,4.6,4.4,
廣闊,6.0,3.2,
禮貌,6.0,3.4,
負有,4.8,3.0,
明瞭,5.8,3.6,
如意,6.8,4.2,
吉祥,6.8,4.2,
自立,5.8,4.2,
晴朗,6.2,4.4,
調劑,5.0,2.8,
毅力,6.0,4.2,
精選,6.0,3.8,
親善,6.4,4.6,
勤奮,6.8,5.0,
微妙,5.4,3.2,
奮力,6.6,5.4,
奪魁,6.6,5.2,
決定性,5.4,4.6,
詳盡,5.6,3.4,
風度,6.0,3.6,
茁壯,6.4,4.8,
別緻,5.8,3.6,
特許,5.8,3.8,
安然,5.8,3.0,
知性,6.0,3.0,
求新,6.2,4.4,
安泰,6.2,3.6,
褒揚,6.2,5.2,
無誤,5.4,3.2,
遙遙領先,7.0,5.8,
多福,6.2,3.8,
歡慶,6.8,6.0,
稀少,5.0,3.6,
廉潔,5.8,3.2,
可貴,6.0,3.6,
熱中,6.4,5.4,
自助,5.6,3.8,
至上,6.0,3.6,
攻讀,5.8,4.4,
為榮,7.0,5.4,
恭喜,6.8,5.6,
吸引人,6.2,4.6,
正統,6.0,3.8,
消退,4.8,4.0,
清明,5.2,3.0,
才華,6.4,4.0,
根除,5.0,4.8,
關愛,6.2,4.0,
客氣,5.6,3.6,
狂歡,6.6,7.0,
同感,5.2,4.0,
永恆,6.0,3.8,
不懈,5.8,4.6,
調和,5.2,3.4,
謙虛,6.4,3.0,
奠基,6.0,3.4,
保釋,4.2,3.6,
學識,6.0,2.8,
積極性,6.2,5.4,
品味,5.6,4.0,
勝任,6.2,3.6,
逼真,5.6,4.4,
細膩,6.0,3.4,
盡情,5.8,4.8,
偏袒,3.6,4.8,
相容,5.4,3.2,
踏實,6.2,4.0,
流利,6.4,3.6,
固守,5.2,3.6,
致富,6.4,4.8,
有理,6.2,3.6,
進取,6.4,4.8,
智力,5.4,3.0,
解開,5.6,4.4,
升起,5.4,3.8,
安樂,5.6,3.4,
憧憬,5.8,3.4,
創造力,6.4,4.4,
忠貞,6.2,4.2,
天真,6.2,3.2,
不爭,4.4,3.4,
功德,6.4,3.6,
好感,6.0,4.0,
征服,5.2,5.6,
豁免,5.2,4.6,
貴族,5.4,2.8,
善於,6.0,4.0,
協作,6.0,3.8,
首肯,5.2,3.0,
吉利,6.8,3.8,
鬥志,6.8,5.8,
相等,5.2,3.0,
自白,5.0,3.2,
興盛,6.4,5.0,
完好,6.0,4.0,
名聲,5.6,3.2,
功績,6.2,3.8,
魔法,5.2,3.0,
出名,6.2,4.8,
可信,5.8,3.6,
光彩,6.6,4.2,
可喜,6.4,4.6,
堅固,6.0,3.0,
光芒,5.4,3.8,
遵從,5.4,4.2,
流暢,6.0,3.6,
熟練,5.8,3.4,
巧妙,5.8,3.6,
旗開得勝,7.2,5.8,
忍耐,4.6,4.4,
正確性,5.8,3.4,
好吃,6.4,4.4,
助手,5.2,3.0,
過癮,6.2,4.6,
精通,6.4,4.2,
白金,5.4,2.8,
贊成票,6.0,3.8,
激盪,5.6,6.0,
想像力,5.4,4.0,
愛上,6.4,4.8,
美感,6.2,3.8,
得力,5.8,3.8,
行善,6.8,4.2,
不凡,6.0,4.6,
不忍,4.4,4.2,
愉悅,6.6,4.6,
熱力,5.6,3.2,
萬能,6.4,4.2,
滿懷,5.6,3.8,
安康,6.4,3.4,
尊崇,6.6,4.2,
貴重,6.0,3.8,
指望,5.0,3.2,
富強,6.8,4.8,
好意,6.2,3.6,
健美,5.8,3.6,
說服力,5.2,3.6,
防備,4.6,3.8,
細緻,5.8,3.4,
高歌,6.0,5.0,
寫實,5.4,3.4,
正直,6.6,3.8,
獨一無二,6.4,4.6,
發財,6.8,5.8,
真愛,6.8,4.8,
分寸,4.8,3.4,
堅毅,6.4,4.4,
緊要,4.6,4.0,
學成,6.2,4.2,
出乎意料,5.2,6.0,
分工合作,6.2,4.6,
打趣,5.8,4.2,
感同身受,5.0,4.4,
義不容辭,6.2,6.2,
通俗,5.0,3.2,
防水,5.4,3.2,
可靠性,6.0,3.6,
平坦,5.2,2.4,
正大,6.0,3.4,
純真,6.2,3.0,
純淨,6.0,3.0,
懇求,4.6,5.4,
嗜好,5.2,3.0,
喜氣洋洋,7.4,5.0,
上等,6.4,3.6,
均等,5.2,2.6,
高尚,6.4,3.4,
獨有,5.8,3.6,
精細,6.0,3.6,
用功,6.2,5.0,
激賞,6.4,5.8,
奮勇,6.4,6.2,
生日快樂,6.6,5.0,
無庸置疑,5.4,3.8,
富麗,6.4,3.8,
賞識,6.2,4.2,
激昂,6.0,6.4,
精明,5.8,4.0,
要緊,4.8,5.2,
新奇,5.8,4.2,
高處,5.0,2.6,
抒發,4.8,3.8,
引以為傲,6.6,5.8,
謙卑,6.2,3.8,
適性,5.4,2.8,
崇敬,6.4,4.2,
正派,6.4,3.6,
規矩,5.2,3.0,
典雅,6.0,3.4,
連貫,5.0,3.0,
睿智,6.4,3.8,
談戀愛,6.2,5.4,
善行,6.4,3.8,
寬闊,6.0,3.6,
特級,6.4,4.4,
耐性,5.2,3.6,
英明,6.6,4.0,
漸入佳境,6.4,4.0,
富足,6.6,3.8,
孝行,6.6,3.4,
創造性,6.4,4.0,
與有榮焉,6.6,5.0,
雀躍,6.8,6.0,
心動,6.4,5.8,
上好,6.4,4.2,
機智,6.2,4.2,
自如,5.2,2.8,
沈著,5.6,3.0,
直覺,5.0,3.2,
人情味,6.4,4.0,
造詣,5.8,3.4,
耐用,5.6,3.4,
閃爍,5.6,3.4,
良善,6.6,3.6,
老實,6.2,3.6,
相稱,5.6,3.2,
均勻,5.4,3.0,
消遣,4.4,3.8,
群策群力,6.2,4.0,
涼爽,6.0,4.0,
奮發,6.6,5.4,
實用性,5.4,3.2,
內行,6.2,3.8,
奇妙,5.8,4.2,
義無反顧,5.0,5.4,
手藝,5.4,2.8,
盡興,6.2,4.8,
問題,4.4,3.4,
沒有,4.4,3.4,
要求,4.6,3.6,
無法,4.0,4.0,
不會,4.0,4.0,
不能,4.0,4.2,
短暫,4.6,3.6,
減少,4.4,3.4,
利用,4.8,3.6,
超過,5.0,4.6,
不要,4.0,4.2,
下跌,3.2,4.6,
避免,4.2,3.8,
大浪,5.0,4.2,
透露,5.0,3.4,
不斷,5.0,4.4,
限制,4.2,4.2,
尚未,4.4,3.0,
降低,4.8,3.6,
危機,3.2,5.6,
緊急,3.8,5.6,
困難,3.6,4.0,
犯罪,2.4,5.4,
污染,3.0,5.0,
地震,3.4,5.2,
可望,4.6,4.0,
違反,3.6,4.6,
取消,4.0,4.4,
逮捕,4.0,5.4,
不得,4.0,4.2,
停止,4.8,3.6,
有意,4.6,4.4,
意外,3.4,5.2,
下降,4.6,3.8,
非法,3.0,4.2,
排除,4.2,4.4,
感染,3.2,5.0,
警告,3.6,5.0,
絕對,5.0,5.6,
障礙,4.2,4.2,
危險,2.4,6.0,
指控,3.2,6.4,
發動,5.0,4.8,
疾病,3.4,4.0,
離開,4.6,4.0,
不可,4.0,4.2,
激烈,4.4,6.8,
走私,2.8,5.2,
失業,3.0,4.0,
機車,4.6,3.4,
事故,3.0,4.6,
災害,2.6,5.6,
反彈,3.8,5.4,
一再,4.4,4.0,
難以,4.0,4.4,
毒品,3.0,5.2,
患者,3.4,4.2,
爆炸,3.2,6.0,
歹徒,3.0,5.4,
起訴,3.0,5.4,
貶值,3.6,4.2,
絕不,3.4,5.8,
拆除,3.8,4.8,
風暴,3.2,5.4,
突然,4.6,5.2,
病人,4.0,3.4,
判決,4.6,4.2,
徵收,4.6,4.8,
刑事,4.2,4.6,
武力,3.8,5.2,
辯論,4.4,5.8,
退出,4.2,4.0,
被告,3.8,3.8,
糾紛,3.4,4.6,
台獨,5.6,6.8,
不佳,3.6,4.6,
對手,4.8,4.0,
不良,3.4,4.4,
自殺,2.0,6.0,
強制,4.2,6.2,
落後,3.4,4.2,
難民,3.2,4.0,
困擾,3.6,4.4,
不法,3.4,4.2,
不明,4.0,3.4,
命令,4.2,5.4,
監獄,3.4,4.2,
陷入,3.6,4.0,
自我,4.6,3.4,
作戰,4.0,5.4,
審判,4.0,4.8,
死者,3.2,4.4,
赤字,3.4,4.6,
遭遇,4.0,4.8,
武裝,4.2,4.0,
不如,4.2,3.4,
暫停,4.8,3.4,
道歉,3.6,4.4,
不易,4.0,3.6,
困境,3.6,3.6,
不景氣,3.4,3.8,
異議,4.0,3.8,
控告,3.4,5.0,
癌症,2.6,4.6,
複雜,4.2,4.0,
派系,4.4,3.8,
刪除,4.0,3.6,
危害,3.2,4.8,
阻止,4.2,4.8,
秘密,4.6,3.4,
保守,5.0,3.6,
罷工,4.0,5.4,
過度,4.0,5.4,
不實,3.4,4.0,
撤銷,3.6,5.0,
通貨膨脹,4.0,5.0,
屍體,3.0,3.8,
不管,4.4,3.8,
火災,3.2,5.8,
脫離,4.2,4.6,
迫使,3.6,4.8,
搜索,4.4,4.8,
游擊隊,4.8,4.4,
廢除,4.4,5.6,
現實,4.6,3.6,
追蹤,4.4,3.2,
輻射,3.2,4.8,
恐怕,3.8,5.0,
綁架,2.6,6.0,
黑道,3.4,5.2,
失事,2.6,5.4,
異常,3.4,4.2,
風波,4.2,4.2,
彈劾,3.4,5.4,
大雨,4.6,4.8,
罰款,3.8,4.0,
判刑,3.4,5.0,
東西,5.0,2.8,
殺害,2.0,7.2,
浪費,3.6,4.6,
意圖,4.2,3.8,
終止,4.2,4.6,
無關,4.6,3.6,
縮小,4.8,3.0,
爭執,3.4,6.0,
差異,4.4,3.4,
竟然,4.8,4.8,
中毒,2.8,6.0,
政變,3.0,6.0,
可疑,3.4,5.0,
分離,4.2,4.0,
代價,4.2,3.8,
去世,2.6,4.0,
削減,3.8,4.6,
子彈,4.4,4.0,
射擊,4.6,4.8,
故障,3.8,4.2,
處置,4.8,4.0,
封鎖,4.0,4.4,
洪水,3.6,4.8,
緩慢,4.8,3.0,
干擾,4.2,4.2,
承受,4.6,3.8,
非正式,4.6,4.2,
推翻,4.2,5.2,
對付,3.8,4.8,
轟炸,3.8,6.0,
對立,3.4,5.4,
縮減,4.0,4.2,
打壓,3.2,6.0,
過多,3.8,4.4,
萎縮,3.6,4.4,
災難,3.2,5.6,
依賴,5.0,3.4,
中止,4.4,4.0,
阻礙,3.8,4.6,
空襲,3.0,6.0,
感冒,3.4,3.8,
倒塌,3.2,5.4,
申訴,4.2,4.0,
不予,4.2,3.4,
辛苦,4.2,3.8,
加重,3.8,4.4,
蔓延,4.4,4.8,
否決,3.8,5.2,
消失,4.0,4.0,
弊端,2.8,5.4,
頻繁,5.0,4.6,
敦促,5.2,3.6,
高價,5.2,3.8,
破產,3.0,5.6,
擺脫,4.4,5.6,
延誤,3.6,5.2,
賭博,3.0,4.6,
不公,3.4,4.8,
違建,3.2,4.8,
陰影,4.0,4.4,
外來,4.4,4.0,
遏止,4.0,6.0,
暗示,4.8,3.6,
不應該,4.0,5.0,
致使,4.6,4.4,
流亡,3.6,5.8,
批發,5.4,3.8,
破裂,3.4,5.2,
襲擊,2.6,6.6,
搶劫,2.4,7.0,
打出,4.4,6.0,
醜聞,3.2,5.4,
暴動,2.6,6.8,
佔領,3.4,6.4,
神經,4.2,4.2,
拖延,4.2,5.0,
制止,4.4,5.8,
傳染,3.4,5.0,
故意,3.8,5.0,
殺人,1.8,7.2,
減弱,3.8,4.2,
噪音,3.6,5.0,
開除,3.2,5.8,
開槍,2.8,6.0,
撲滅,3.8,6.2,
傾銷,3.8,5.4,
高壓,4.2,5.0,
警報,3.6,5.0,
流氓,3.4,5.4,
激進,3.6,6.8,
燃燒,4.4,4.0,
宣判,4.4,4.6,
動亂,3.2,6.2,
毆打,2.6,6.8,
憤怒,2.6,6.6,
垃圾場,3.8,3.6,
不顧,3.8,4.4,
慘重,2.6,5.4,
任意,4.2,4.2,
干涉,3.6,4.8,
受害者,2.8,4.6,
超出,4.2,5.2,
佔用,3.6,5.0,
罰金,3.6,4.4,
可惜,3.6,4.4,
自稱,5.0,3.4,
禁令,3.6,4.8,
冷戰,3.6,4.4,
沈重,3.8,4.2,
延期,4.0,3.6,
腫瘤,3.0,4.8,
抹黑,3.2,5.4,
包圍,4.2,5.0,
傳染病,3.4,4.4,
沒想到,4.8,4.0,
不成,3.8,3.4,
觸犯,3.6,5.4,
勾結,3.4,5.6,
廢止,4.0,5.0,
發燒,3.4,5.2,
勒索,3.0,6.4,
欠缺,3.6,4.0,
模糊,4.2,3.6,
退回,4.0,4.8,
海洛因,2.6,5.2,
孤立,3.6,4.2,
侵入,3.4,6.0,
擅自,3.6,5.4,
流血,3.6,5.4,
危及,3.0,6.4,
失利,3.4,5.4,
暴亂,2.4,6.8,
傾倒,3.8,4.8,
迫切,3.8,5.2,
強暴,2.0,7.2,
壟斷,3.4,5.0,
辭呈,3.4,4.2,
老年,4.6,2.8,
駁回,3.8,4.6,
吸毒,2.8,6.2,
廢棄,3.4,5.0,
癱瘓,2.8,5.6,
扣押,3.2,5.6,
致死,2.2,6.2,
太過,4.0,5.2,
倒閉,2.8,5.6,
強盜,3.0,6.0,
相反,4.8,3.8,
撤回,4.2,5.0,
減低,4.4,3.2,
沒收,3.6,4.6,
控訴,3.2,5.4,
頭痛,3.6,5.0,
動盪,3.6,4.8,
屠殺,2.2,7.2,
差別,4.2,3.4,
嫌疑,3.6,4.6,
揭露,4.0,5.2,
對峙,4.4,5.2,
落選,3.2,5.2,
乾旱,3.2,4.6,
缺席,3.8,4.6,
擊中,4.6,5.6,
猖獗,3.0,6.4,
疑問,4.6,4.0,
陷於,4.0,4.0,
特權,4.4,4.6,
細菌,4.0,4.2,
瑕疵,3.6,3.8,
未必,4.6,4.0,
暴露,3.4,5.8,
氾濫,3.2,5.6,
不肖,3.0,5.8,
瓦解,3.6,5.4,
嚴肅,4.6,4.2,
逼近,4.0,4.2,
不清,4.0,4.0,
賄賂,2.8,5.6,
淪為,3.8,4.8,
分開,3.8,5.0,
延遲,3.6,4.2,
加深,4.6,5.0,
動武,3.4,6.0,
逃生,3.6,6.0,
受阻,3.4,5.8,
變革,3.6,6.0,
分割,3.8,5.4,
獨裁,3.0,5.8,
陰謀,3.2,5.4,
謠言,3.6,4.8,
逃亡,3.0,5.8,
格外,4.8,4.2,
崩潰,2.8,6.8,
掩埋,4.4,4.2,
行賄,2.8,6.4,
告發,3.8,5.4,
藉口,3.6,4.8,
扣留,3.4,5.4,
不彰,3.4,5.0,
戰場,3.4,5.6,
無可,4.4,3.6,
拖累,3.6,5.4,
誤導,3.6,5.2,
流浪,3.4,4.4,
延緩,4.6,3.0,
搶奪,3.0,6.6,
相差,4.4,3.0,
加劇,4.0,5.8,
避開,4.2,4.8,
哀悼,2.6,5.6,
漏洞,3.6,4.0,
暴雨,3.6,5.6,
過世,2.4,5.2,
擁擠,3.8,5.4,
肆虐,3.2,6.2,
搶走,3.4,5.8,
大聲,4.6,5.8,
監禁,3.2,4.6,
囚犯,3.0,4.6,
驅逐,3.2,6.0,
投機,3.6,5.0,
過剩,4.2,4.0,
削弱,4.0,4.6,
燒燬,3.2,5.8,
傷口,3.6,3.6,
暴行,3.0,6.4,
地雷,3.2,5.0,
肥胖,4.0,3.8,
血腥,2.8,5.6,
化石,5.0,2.2,
慢性,4.0,3.6,
誹謗,3.0,6.0,
埋伏,3.8,4.8,
下陷,3.6,4.4,
窘境,3.6,4.4,
挖掘,5.0,3.0,
規避,4.0,4.6,
闖入,3.2,6.2,
突發,4.0,6.2,
動搖,4.0,5.4,
遺失,3.8,4.2,
欠佳,3.6,4.0,
投降,3.6,5.0,
不以為然,4.6,4.0,
貿然,4.0,5.2,
退役,5.0,3.8,
濃煙,4.0,4.2,
進攻,4.2,6.2,
被害,2.4,6.4,
兇手,2.2,6.0,
捲入,4.0,5.0,
發作,4.2,5.8,
拘留,3.6,5.2,
蓄意,3.4,6.0,
戰役,4.2,4.6,
漠視,3.6,3.8,
共犯,3.0,5.4,
極度,4.2,6.2,
浮動,4.6,4.4,
安撫,5.0,3.2,
自認,5.0,2.8,
昏迷,3.0,5.0,
求助,3.6,5.8,
受難者,2.6,5.2,
停滯,3.8,3.8,
骨折,3.2,5.0,
殖民,4.0,4.0,
相撞,3.0,6.0,
嚴懲,2.8,6.6,
反覆,4.6,3.8,
警惕,4.4,4.8,
好戰,4.6,6.0,
恫嚇,3.0,6.6,
欺騙,3.2,6.0,
瘋狂,4.4,7.0,
撞擊,3.6,6.2,
次級,4.2,3.6,
遲緩,4.0,4.4,
投訴,3.8,5.0,
施以,4.8,3.8,
阻塞,4.2,5.0,
抵抗,3.4,6.2,
忍受,3.6,5.6,
撤退,3.8,5.2,
默默,4.8,3.0,
混淆,4.0,4.2,
毀滅性,3.2,6.4,
有罪,3.0,5.4,
滲透,4.2,3.6,
衝撞,3.6,5.8,
絲毫,4.8,2.6,
脂肪,5.0,2.2,
無形,5.0,2.6,
限定,5.0,5.0,
停頓,4.8,2.8,
炸藥,3.2,5.0,
停業,3.4,4.6,
制服,5.0,2.2,
轟動,4.8,6.6,
暴徒,2.4,6.2,
暗殺,1.8,6.0,
殘骸,3.0,3.6,
耗費,4.4,3.4,
負荷,4.0,4.2,
未定,4.4,3.6,
顛覆,5.2,5.4,
居然,4.6,4.6,
薄弱,3.6,4.0,
衰竭,3.4,4.0,
大屠殺,1.8,7.2,
免職,3.0,4.8,
潛逃,3.4,6.0,
誤差,4.0,3.6,
變相,4.8,4.2,
擔負,4.4,4.6,
牴觸,4.0,5.6,
暴跌,3.0,5.8,
隱藏,4.6,3.2,
佔據,4.0,5.4,
清算,3.8,5.6,
蒙受,3.6,4.6,
分化,4.0,4.2,
招致,4.0,5.2,
有毒,3.0,5.8,
犯人,2.6,5.2,
酒醉,3.4,5.4,
消耗,3.8,4.4,
過敏,4.0,3.8,
寒冷,4.6,3.0,
不下,4.4,2.6,
不休,4.2,3.8,
蕭條,3.6,3.6,
壓倒性,5.2,6.2,
追逐,4.8,5.4,
贓物,3.2,4.0,
勒贖,2.4,6.0,
包庇,3.4,4.6,
罷黜,3.6,5.8,
斷裂,3.6,5.2,
痛心,2.8,6.6,
口角,3.4,5.4,
過份,3.4,6.0,
觸及,4.6,3.8,
偏差,3.8,3.8,
追捕,4.0,5.8,
灼傷,3.2,5.2,
抓住,4.4,4.8,
切斷,4.2,5.0,
攻佔,4.6,5.6,
盲目,3.8,4.2,
流出,4.8,3.2,
婉拒,4.2,3.0,
動手,4.0,5.2,
斷絕,3.2,5.8,
落入,4.0,5.0,
感慨,4.0,3.4,
冗長,4.0,3.2,
打入,4.4,3.8,
情結,4.8,2.6,
嘔吐,3.4,6.0,
怎樣,4.2,4.4,
隱瞞,3.6,4.6,
毒氣,3.0,4.6,
求救,3.6,6.0,
屈服,3.8,4.6,
拜託,4.4,5.2,
捕捉,4.2,5.4,
過量,3.6,4.8,
傾斜,3.8,3.8,
未遂,3.4,4.0,
拖欠,3.6,4.4,
摩擦,4.0,4.6,
安慰,4.6,3.4,
歸咎於,3.6,3.8,
遏制,4.0,5.6,
質問,3.6,6.2,
受挫,3.4,6.0,
危急,3.0,6.4,
狹窄,4.2,3.4,
不得已,3.6,4.0,
殖民地,4.2,3.2,
暗中,4.2,3.2,
飢餓,3.4,5.0,
掩飾,4.4,3.2,
下手,3.4,4.8,
洩露,3.8,4.8,
煽動,3.4,6.4,
寧可,4.4,3.0,
生變,3.8,4.0,
智障,2.8,4.8,
老大,4.8,2.8,
共謀,3.8,5.2,
發炎,3.8,4.8,
較勁,4.4,6.2,
得不到,3.8,3.8,
擠滿,4.2,3.6,
不和,3.8,4.2,
瀰漫,4.6,3.0,
擾亂,3.8,5.4,
受難,3.0,5.8,
假冒,3.8,4.4,
不尋常,3.6,3.6,
行竊,3.0,5.6,
麻醉,4.2,3.2,
縱容,3.6,5.2,
專制,3.6,5.6,
違章,3.8,5.2,
訝異,3.8,5.0,
限度,4.4,3.6,
洩漏,3.6,4.4,
近視,4.2,2.6,
煞車,4.6,3.4,
孤兒,4.0,3.6,
炸毀,3.0,6.6,
激戰,4.0,7.0,
議論,4.4,5.0,
窮人,3.6,3.2,
出賣,3.0,4.8,
餘地,4.4,4.2,
屠宰,2.8,5.6,
不合時宜,3.8,3.6,
低潮,3.8,3.2,
毛病,3.8,3.8,
作秀,3.8,4.2,
踐踏,3.8,5.0,
寧願,4.8,2.8,
遇刺,2.8,5.8,
無家可歸,3.4,4.4,
失調,3.8,3.6,
猥褻,2.8,5.4,
野心,5.2,5.4,
背信,3.2,6.2,
侵蝕,3.4,4.4,
牽制,3.8,5.2,
囚禁,3.0,6.0,
殺人罪,1.8,6.8,
慘案,2.0,6.4,
清寒,3.8,3.8,
失效,4.0,4.0,
剷除,4.0,5.4,
匱乏,3.6,4.4,
黑暗,4.0,3.6,
突襲,3.8,5.2,
竊賊,3.1,5.2,
錯失,3.5,6.4,
緊迫,4.3,7.6,
陷阱,3.3,5.5,
悄悄,5.0,2.4,
牲畜,3.4,5.4,
通牒,3.6,5.9,
剔除,4.3,4.6,
犯規,3.5,5.6,
唾棄,2.8,5.0,
查禁,4.5,4.1,
不切實際,3.6,4.5,
垮台,2.7,6.3,
放射,5.0,3.7,
勸阻,5.3,5.4,
病菌,3.6,3.5,
塌陷,3.4,5.2,
沈默,4.7,2.2,
潛入,4.5,3.3,
定罪,4.1,4.7,
牽連,4.0,4.3,
施暴,2.6,7.0,
苦難,3.0,4.6,
裂縫,4.2,2.9,
勸告,4.9,4.2,
內情,4.9,3.5,
洩密,3.1,5.3,
劣勢,3.5,4.5,
剝削,2.8,6.2,
逼迫,3.0,7.0,
復發,3.6,4.7,
困在,3.6,4.6,
麻痺,4.1,3.0,
尖銳,4.3,3.1,
不理,4.2,3.1,
碰撞,4.3,4.4,
堵塞,4.0,4.1,
出軌,3.2,6.0,
乾燥,4.8,1.8,
權宜,5.3,2.8,
曲折,3.9,3.7,
否決權,4.9,2.8,
燒傷,3.6,5.1,
拚命,5.2,7.5,
迷信,4.0,3.6,
敗北,3.4,5.6,
震動,5.0,3.8,
逐出,3.3,5.8,
損毀,3.4,5.5,
慾望,4.8,5.0,
己見,5.0,3.1,
攻擊性,3.4,5.6,
責難,3.6,4.9,
冷漠,4.0,2.8,
逃跑,3.5,5.8,
蠻橫,3.3,5.8,
畏懼,3.3,5.3,
砍傷,2.9,6.5,
圖謀,4.2,3.9,
灌輸,4.8,2.9,
圍毆,2.8,6.4,
沒有用,3.2,4.1,
枯竭,3.9,2.7,
逃犯,3.6,4.6,
過早,4.5,3.3,
墳墓,4.3,2.0,
催促,4.5,5.3,
走下坡,4.0,3.6,
鬆散,4.0,3.2,
脫落,4.2,3.0,
中傷,3.3,6.0,
趕出,3.9,5.3,
不肯,4.5,4.3,
噴出,4.9,4.5,
誇張,4.5,6.2,
競爭者,5.4,3.2,
不予置評,4.4,2.8,
犯錯,3.9,4.1,
廢物,2.9,6.0,
宰殺,4.0,5.3,
鼓動,4.7,5.3,
海難,3.1,5.9,
落淚,4.4,5.0,
鯊魚,4.5,4.6,
有礙,4.2,3.7,
扼殺,3.1,6.2,
飲恨,3.8,5.8,
顧忌,4.6,4.3,
流言,4.1,3.9,
討價還價,4.3,4.9,
侵吞,3.4,5.8,
上吊,2.2,6.0,
覬覦,4.0,3.9,
昏倒,3.6,3.9,
失血,4.0,4.6,
關押,3.7,4.6,
虛偽,3.1,4.2,
賭注,4.8,2.7,
引咎,4.4,3.9,
逼使,3.5,6.0,
行騙,3.3,5.1,
饑荒,2.9,4.5,
譭謗,3.0,6.0,
壓倒,4.3,5.8,
盜竊,3.0,5.5,
埋葬,4.0,3.5,
難看,3.4,3.6,
徒然,4.4,3.6,
掠奪,2.7,6.5,
誘騙,3.1,5.4,
強盜罪,2.7,5.6,
不甘示弱,5.3,6.3,
輕率,4.1,3.7,
橫渡,5.0,3.0,
隱密,5.0,1.9,
不知去向,4.3,2.7,
丟掉,4.4,3.2,
雜物,4.6,2.0,
惡習,3.6,4.1,
新手,4.8,2.2,
不智,3.7,3.9,
著火,3.3,6.4,
破洞,4.0,3.3,
急切,4.9,6.5,
沉默,4.9,1.6,
混沌,4.0,3.9,
劣質,3.4,4.0,
不好意思,4.5,3.6,
一蹶不振,2.8,4.1,
遊蕩,4.3,2.9,
寄生蟲,3.4,3.9,
造假,3.4,4.7,
擊潰,4.9,5.5,
避重就輕,3.9,4.3,
失序,3.8,4.5,
荒廢,3.6,3.6,
勞累,3.9,3.1,
電擊,4.4,5.1,
挑撥,3.6,5.1,
下獄,3.0,5.2,
遭殃,3.5,5.3,
反常,4.2,3.5,
姦淫,2.8,6.1,
自認為,4.3,4.5,
狂風,4.8,5.3,
鮮豔,5.5,3.5,
清秀,5.8,2.7,
戀戀,5.7,4.2,
敬禮,5.6,2.6,
責任心,6.7,3.3,
柔和,5.5,1.8,
樸素,5.3,1.6,
安祥,5.7,1.6,
魔力,5.0,3.7,
不屈不撓,7.1,6.1,
奮起,6.4,5.8,
率直,6.0,3.6,
歡騰,6.7,5.9,
節儉,6.0,2.3,
寓意,5.2,2.1,
快快樂樂,7.1,5.5,
合意,5.7,3.6,
接濟,4.9,3.1,
苦思,4.5,3.4,
間歇,5.2,2.8,
柔情,5.9,2.4,
穩重,6.1,2.5,
熱戀,6.5,6.0,
愛國心,6.5,4.7,
可敬,6.4,4.7,
攙扶,5.7,2.5,
英雄式,6.5,5.5,
光澤,5.2,2.3,
滿載而歸,6.9,5.6,
喝彩,6.7,6.2,
奮不顧身,6.3,6.6,
取悅,5.6,4.2,
井然有序,6.2,3.5,
多才多藝,6.3,3.8,
好學,6.2,3.7,
安詳,5.5,2.5,
追根究底,5.6,5.0,
善舉,6.2,3.2,
鍾情,5.9,4.1,
志氣,6.6,4.8,
直截了當,5.5,5.2,
中肯,6.0,4.6,
盡如人意,6.6,4.9,
出眾,6.8,4.8,
肥沃,6.1,3.7,
好客,5.7,4.6,
德高望重,7.2,5.2,
富於,6.1,4.5,
幹勁,6.0,6.1,
清高,5.9,2.8,
全神貫注,6.3,4.6,
涼快,5.8,3.6,
富麗堂皇,6.1,4.2,
鍛煉,5.6,4.4,
哲人,5.7,2.6,
富饒,6.5,3.5,
無庸,5.3,2.4,
相宜,5.4,2.7,
談笑風生,5.6,3.7,
快活,6.4,5.2,
溫文,5.7,2.1,
羨煞,5.8,5.2,
心安理得,5.8,2.8,
嘟嘟,5.0,2.4,
大喜,7.4,7.0,
甘美,6.5,3.9,
暖意,6.0,3.2,
互敬,5.8,3.3,
樂不可支,7.4,7.2,
恆久,6.1,2.9,
脫俗,6.0,2.9,
伊甸園,6.3,4.6,
甘甜,5.9,3.5,
溺愛,4.2,3.6,
才氣,5.9,3.3,
一見鍾情,6.4,6.2,
締造者,5.6,2.9,
慈悲為懷,6.2,2.7,
合群,5.6,3.2,
大無畏,6.1,5.0,
含笑,5.6,3.9,
聖徒,5.6,2.2,
繁盛,6.5,4.4,
樂事,6.3,4.8,
聰慧,6.7,3.1,
安適,5.6,2.7,
賢明,6.7,2.9,
心曠神怡,6.5,3.8,
真確,5.3,2.5,
洋房,5.0,1.4,
誇獎,6.3,5.2,
堂皇,6.2,3.4,
明理,6.2,3.1,
償清,5.5,3.2,
順眼,5.8,2.7,
和藹可親,6.2,3.2,
奪取,2.4,7.5,
困窘,3.2,5.0,
紊亂,3.7,4.8,
打死,1.8,8.2,
驅散,3.8,5.2,
碎片,3.9,4.2,
廢墟,3.5,4.1,
短少,3.6,3.4,
橫行,3.5,5.5,
粗糙,3.8,3.3,
險境,2.8,5.0,
圍困,3.4,5.8,
威嚇,2.7,7.5,
大意,4.1,5.2,
沒辦法,4.2,4.4,
遲滯,3.5,4.2,
擊退,5.5,6.9,
謠傳,4.3,5.2,
爆破,4.2,7.1,
粉碎,3.9,6.5,
暴風雨,3.7,7.3,
大亂,3.2,7.6,
退縮,3.6,4.3,
負數,4.7,2.8,
出沒,4.8,3.1,
過節,3.7,5.0,
憤慨,2.8,7.0,
誘惑,4.3,5.8,
刁難,3.0,6.8,
腐蝕,3.5,4.0,
疑雲,4.2,3.7,
悶熱,4.2,3.2,
對不起,2.9,5.2,
背離,3.0,4.0,
爭辯,3.3,6.9,
失常,3.2,6.1,
解雇,2.4,6.6,
微弱,3.8,4.0,
搜捕,4.2,6.3,
三八,3.9,5.9,
陰雨,4.1,2.4,
老是,4.7,3.8,
不大,4.9,3.4,
火爆,3.1,7.9,
兩難,3.6,5.0,
滅絕,2.2,6.6,
分隔,4.3,4.2,
憂心忡忡,3.4,6.0,
唯恐,3.6,5.4,
隔絕,3.7,4.6,
一面倒,3.0,5.8,
撞死,1.7,7.8,
苦心,3.8,4.8,
竊聽,3.7,5.3,
困惑,4.2,4.8,
潛藏,4.0,4.5,
分贓,2.4,4.8,
未知數,4.6,3.1,
偷偷,3.8,4.1,
刻板,4.3,3.3,
捏造,3.7,5.8,
囂張,3.3,6.9,
束手無策,3.7,5.7,
躲藏,4.0,3.8,
散落,4.0,3.3,
烈酒,4.2,4.4,
何必,4.4,4.3,
咬傷,3.7,5.6,
堪慮,3.7,5.7,
告誡,4.3,5.7,
欺負,3.3,6.5,
推諉,3.7,5.4,
惡作劇,3.5,6.3,
俘虜,3.4,3.8,
複雜化,4.0,5.0,
想不到,4.2,5.2,
造謠,3.4,5.9,
潛伏,4.0,3.8,
惡質,2.7,6.2,
一意孤行,3.4,5.9,
霸佔,3.1,6.7,
乏人問津,3.6,4.7,
辜負,3.6,5.1,
退場,4.1,4.4,
塞人,4.1,4.8,
偏頗,3.7,5.5,
怨言,3.4,5.9,
計較,3.8,6.1,
無名,4.6,4.4,
爆炸物,4.0,7.1,
暴發,3.9,7.7,
置之不理,3.5,5.8,
姑息,3.8,5.7,
玩弄,3.4,6.4,
偽裝,4.1,5.3,
沈沒,3.3,4.7,
凝重,3.4,5.3,
責怪,3.5,6.6,
用盡,4.0,5.5,
伏擊,3.9,6.9,
逆境,3.3,4.6,
不義,3.5,5.3,
作假,3.4,5.3,
敬陪末座,3.5,4.9,
走失,3.2,6.0,
救命,3.4,8.1,
不值,3.6,6.2,
恥辱,3.2,6.7,
論戰,3.6,6.5,
不歡而散,3.1,5.9,
低下,3.8,4.0,
痙攣,4.3,4.7,
無依,3.6,3.2,
強加,4.3,6.1,
突如其來,4.8,5.5,
低姿態,4.4,4.1,
誹謗罪,3.3,5.9,
頭暈,3.8,4.6,
拘留所,4.0,4.4,
被俘,3.1,5.4,
改頭換面,6.2,5.9,
情願,6.2,5.2,
有效性,5.8,5.3,
留情,5.7,4.3,
互助合作,7.1,5.1,
刻苦,6.4,5.8,
順從,6.0,5.2,
當心,5.1,5.5,
群情激憤,3.0,8.2,
懺悔,4.3,6.3,
第一流,8.4,7.2,
吃苦,4.2,5.8,
至高,7.0,6.6,
抒情,5.9,3.3,
誘人,6.0,6.1,
清澈,6.3,4.6,
有禮,6.9,5.4,
知覺,5.6,4.6,
衝勁,6.8,7.0,
窩心,7.0,5.4,
戒除,6.3,5.9,
聖人,7.4,4.5,
學好,6.2,4.0,
甘願,5.9,4.4,
雄偉,6.2,5.9,
韻味,6.5,4.3,
雅量,7.2,4.3,
誠心誠意,7.3,5.2,
談笑,6.9,5.4,
芬芳,6.6,3.8,
滋養,6.7,4.4,
道謝,7.0,5.6,
耐勞,6.3,5.6,
施捨,4.9,4.9,
安眠,5.0,2.7,
悅耳,6.6,4.9,
安身立命,6.4,4.1,
酬謝,6.5,5.9,
光滑,5.6,3.7,
勇猛,7.0,6.7,
安身,5.9,3.9,
器重,6.8,6.4,
痛快,6.4,7.3,
一笑置之,6.4,4.7,
賞心悅目,6.8,5.6,
情深,6.7,6.7,
意氣風發,6.9,7.1,
引以為榮,7.2,6.6,
無懈可擊,7.9,7.2,
氣派,6.7,6.4,
幽默感,7.0,5.7,
學以致用,6.9,5.0,
詩意,6.2,3.5,
舒暢,7.3,5.9,
會心,6.2,4.8,
心甘情願,6.7,4.9,
香甜,6.7,4.2,
莊重,6.6,4.7,
照耀,5.8,4.9,
精確度,6.0,4.1,
抒解,6.1,4.9,
懂事,6.5,4.7,
誇耀,5.6,6.6,
平心靜氣,5.5,3.7,
恭敬,6.2,5.3,
寬厚,6.8,4.4,
不偏不倚,6.2,4.3,
消散,5.7,3.3,
洋洋,6.1,4.6,
互愛,7.0,6.2,
情不自禁,6.3,7.0,
纖細,5.8,3.5,
勤勉,6.6,4.4,
熱熱鬧鬧,6.6,6.6,
完滿,7.4,6.0,
暢快,7.1,7.0,
彬彬有禮,7.3,5.6,
聰穎,7.5,5.4,
工整,6.7,4.1,
開化,6.4,4.6,
先見之明,6.6,5.0,
興沖沖,6.5,6.7,
豐饒,6.9,4.7,
知恥,6.3,5.8,
奇跡,7.4,7.2,
希冀,6.3,6.3,
剛毅,6.5,6.0,
癡情,6.8,6.3,
紅潤,6.3,4.9,
望子成龍,6.7,6.1,
聖潔,7.1,5.6,
溫順,7.1,4.9,
愛撫,6.8,5.9,
勻稱,6.3,4.8,
有說有笑,6.8,6.5,
決斷力,6.6,5.1,
繁茂,6.8,4.8,
渴盼,6.3,7.0,
超凡,7.4,6.9,
豁然開朗,7.0,7.3,
熟慮,5.9,5.1,
有意義,6.7,5.3,
癡癡,6.1,5.5,
謙恭,6.7,4.7,
從容不迫,6.7,3.8,
苦修,5.2,5.0,
牢靠,6.2,5.1,
形影不離,6.4,6.0,
平心,5.8,3.4,
妙計,6.6,5.2,
俠義,7.2,6.3,
漂漂亮亮,7.0,6.8,
討人喜歡,7.4,5.9,
擔待,6.4,4.6,
豐腴,6.5,4.5,
深謀遠慮,7.3,6.2,
自得其樂,6.8,6.4,
留神,5.9,5.2,
雅致,6.2,4.9,
醉人,6.1,6.0,
飛黃騰達,7.9,7.9,
縫補,5.7,3.6,
遊街,4.2,3.8,
過時,4.0,4.3,
收買,3.8,4.7,
魔鬼,2.0,6.3,
何不,4.9,3.7,
夢魘,2.1,6.9,
燙傷,3.0,5.1,
弊病,2.8,5.4,
困難重重,2.1,6.9,
失明,2.1,5.5,
游擊,5.1,4.2,
慘痛,1.7,8.1,
慘敗,1.7,8.1,
追趕,5.1,4.3,
衝出,5.8,5.2,
潰瘍,3.3,5.9,
破碎,2.9,6.5,
謊言,2.8,4.2,
裂痕,3.2,5.2,
推擠,3.5,4.8,
未雨綢繆,6.0,5.0,
暴風,3.5,6.2,
瓜分,4.1,4.6,
煙霧,4.6,3.0,
騷亂,3.0,6.0,
擦傷,3.7,4.1,
殘廢,1.8,6.5,
輾轉,4.5,3.0,
退學,2.8,5.2,
藐視,3.0,6.2,
糾纏,3.0,5.4,
束縛,3.6,4.7,
偷工減料,3.0,6.0,
曖昧,5.7,5.0,
鬧事,2.9,5.6,
辯解,3.6,4.9,
梗塞,3.3,4.6,
償付,4.5,3.5,
凌虐,1.9,6.8,
渺茫,3.0,3.8,
遜色,3.7,4.0,
追訴,4.0,3.8,
委屈,3.4,4.6,
加害,2.3,5.9,
休克,2.4,5.0,
獨裁者,3.0,6.0,
文盲,3.5,4.0,
不許,3.5,5.0,
徵稅,4.4,3.1,
撕毀,3.3,5.4,
退步,3.4,4.1,
最低,3.5,4.3,
衝動,4.0,6.2,
人身攻擊,2.6,5.9,
後退,4.0,3.1,
抵消,4.8,3.3,
虛假,3.0,4.2,
竄改,3.0,4.2,
冒充,3.1,4.4,
挫傷,3.4,4.0,
撕裂,2.7,5.6,
毒害,1.9,5.8,
乞丐,2.8,4.7,
一廂情願,4.6,4.1,
作祟,3.9,3.7,
沈寂,3.8,2.3,
殺戮,1.6,7.5,
阻隔,4.2,3.5,
欺壓,2.7,5.3,
軍閥,3.7,4.2,
僵持不下,3.4,5.3,
搖擺,4.3,2.9,
傳染性,3.2,3.5,
失手,3.1,4.9,
罷了,3.8,4.8,
敲詐,3.0,5.1,
拉出,5.0,2.9,
斥責,2.6,6.3,
內鬥,2.7,5.4,
未知,4.6,2.2,
重擊,2.5,6.0,
簡陋,3.8,3.4,
槍聲,3.4,4.4,
罷課,2.8,6.1,
幼稚,3.4,3.9,
根絕,3.8,4.8,
未加,4.4,3.0,
畸形,2.8,4.7,
吵架,2.9,6.0,
割傷,3.5,4.9,
誤認,4.1,3.2,
發洩,3.8,6.5,
戰敗,2.4,6.5,
出乎,5.1,3.2,
搖晃,4.6,3.2,
失落,3.0,3.3,
逃走,3.2,5.4,
冀望,6.4,4.6,
自立自強,6.2,5.7,
敬愛,7.1,5.1,
事跡,5.1,2.3,
直率,6.5,4.6,
芳香,6.4,3.0,
健壯,6.9,4.4,
無價,6.2,4.8,
報答,6.4,4.9,
聽話,6.0,3.3,
牢固,6.1,3.6,
為傲,7.0,5.3,
學有專精,6.7,4.8,
正道,6.7,4.3,
興高采烈,8.3,7.8,
天籟,7.5,5.2,
稀奇,5.9,5.0,
判斷力,5.1,3.2,
養活,5.7,4.5,
友愛,6.8,4.0,
簡樸,6.0,3.1,
易懂,6.0,3.2,
標緻,6.3,3.3,
出人意表,6.4,5.5,
厚道,6.0,4.5,
不亦樂乎,7.1,6.9,
安和樂利,7.3,5.4,
一帆風順,7.4,5.4,
簡明,5.7,3.0,
顯赫,6.2,4.8,
茂盛,6.2,4.7,
最高,7.2,5.6,
嬉戲,5.0,4.9,
無敵,8.1,6.8,
變好,7.0,5.0,
才幹,5.9,3.6,
報喜,7.5,5.8,
心平氣和,5.7,3.0,
精巧,5.6,3.2,
潛心,5.4,2.8,
純潔,6.5,2.8,
留心,4.6,3.6,
自由自在,6.8,5.3,
心儀,6.8,4.7,
同情心,5.5,4.2,
平整,5.3,2.8,
母愛,6.7,3.6,
神童,7.2,4.4,
頌揚,7.6,5.7,
樂此不疲,7.1,7.1,
淳樸,6.0,2.7,
會心一笑,6.4,4.7,
學成歸國,7.0,5.9,
昌盛,7.1,5.6,
自信滿滿,7.9,6.9,
豐滿,6.8,4.8,
端莊,6.0,3.3,
心想事成,7.7,5.9,
文雅,6.0,3.2,
自告奮勇,6.6,6.9,
報恩,6.3,4.6,
無瑕,5.8,3.3,
老練,5.4,3.9,
興致勃勃,7.6,7.3,
高高興興,7.8,7.2,
堅韌,6.1,4.4,
臉紅,5.6,5.2,
煥發,5.9,4.4,
醉心,5.8,4.9,
叮囑,5.3,4.2,
慇勤,6.3,5.6,
達觀,5.5,3.7,
多產,5.6,3.0,
虔敬,6.5,3.6,
守信,6.6,3.5,
喜感,7.2,5.2,
有效率,7.0,4.4,
率真,6.3,4.3,
自勉,6.2,5.0,
微微,5.0,2.0,
安好,6.2,3.6,
明晰,5.7,3.0,
雄辯,5.4,6.3,
恆心,6.5,4.5,
奮進,7.4,6.8,
輕輕鬆鬆,6.6,4.9,
謙遜,6.4,3.5,
安於,5.3,2.9,
心滿意足,7.3,5.5,
活著,5.7,4.8,
愜意,6.6,3.9,
溫文儒雅,6.3,3.1,
傳奇性,6.3,4.4,
忘不了,5.5,3.9,
可親,5.9,3.9,
長進,6.2,4.7,
恩人,6.8,3.5,
覺察,5.1,3.9,
情投意合,6.9,5.2,
賢人,6.5,2.7,
俘獲,5.1,4.2,
你儂我儂,6.8,6.2,
引吭高歌,6.4,6.9,
目眩,4.3,4.2,
入神,5.5,3.0,
心心相印,6.7,4.5,
稱心,6.0,3.4,
肝膽相照,6.5,6.2,
甜甜蜜蜜,7.1,6.7,
賢淑,6.6,3.0,
言歸於好,6.2,4.0,
貞潔,6.2,2.7,
廢寢忘食,4.9,5.4,
獨創性,5.7,4.3,
稀罕,5.4,4.4,
意味深長,5.7,4.5,
施恩,6.2,3.7,
癡狂,5.7,7.7,
虔信,6.2,4.6,
入迷,6.1,5.4,
有權,5.8,4.8,
物廉價美,7.0,4.9,
悠哉,6.4,3.3,
練成,5.7,3.4,
盛年,6.0,3.8,
安安靜靜,5.6,2.2,
騰躍,7.0,7.0,
滿面春風,7.6,7.1,
儒雅,5.9,2.8,
安睡,5.6,2.2,
愛憐,6.2,3.6,
癡心,5.8,6.1,
神氣活現,7.7,7.0,
賢慧,6.8,3.3,
勳績,7.1,4.8,
出神,6.5,4.8,
適得其所,6.3,4.3,
一吐為快,5.7,6.4,
日久生情,6.5,5.4,
古雅,6.0,3.0,
足智多謀,7.7,5.2,
順當,5.7,3.2,
謙恭有禮,6.6,3.9,
心花怒放,7.2,7.2,
切題,5.3,3.1,
嘻嘻哈哈,5.6,6.1,
抒懷,5.7,3.0,
自滿,4.5,5.7,
惡行,2.6,5.8,
奴隸,3.2,4.2,
孤獨,3.7,2.9,
雜草,4.7,2.3,
惶恐,3.3,6.8,
抹煞,3.8,5.9,
一往情深,6.7,6.6,
戰無不勝,7.9,7.5,
惠顧,5.6,4.3,
豪勇,6.6,5.8,
愛人如己,6.9,5.8,
坦直,6.2,4.2,
嬌美,6.7,3.8,
鑒別力,5.4,3.8,
心誠則靈,6.3,4.4,
妙不可言,6.9,5.6,
諧調,5.7,3.6,
精神百倍,7.5,7.4,
奢侈,3.4,5.5,
崩塌,2.9,7.0,
得不償失,2.4,7.3,
悽慘,1.7,6.1,
排山倒海,3.7,6.2,
一舉數得,7.4,6.3,
不相上下,6.2,5.8,
不礙事,4.9,4.5,
有過之而無不及,4.4,5.5,
夠格,7.4,6.8,
粗製濫造,3.2,5.7,
累贅,2.7,6.4,
聊勝於無,5.2,4.6,
莫名其妙,2.9,6.4,
陰霾,2.7,5.7,
得分,7.7,7.9,
從善如流,6.6,6.0,
深入淺出,6.9,5.3,
深厚,5.8,4.6,
清脆,5.3,4.1,
提心吊膽,2.9,8.0,
斑駁,4.0,4.0,
殘破,2.9,4.6,
殘缺,2.8,4.0,
渾濁,3.2,4.7,
盛大,7.5,6.8,
脫胎換骨,8.2,6.8,
處變不驚,5.9,5.4,
通風,5.4,3.9,
單純,6.4,3.6,
發病,2.9,7.2,
病發,2.9,7.2,
硬化,2.7,6.0,
稍嫌弱,3.4,4.6,
超弱,2.2,6.2,
華而不實,2.9,6.3,
循序漸進,6.8,4.9,
掌聲如雷,8.0,7.8,
游刃有餘,7.6,5.0,
無往不利,7.0,6.5,
絢爛奪目,7.2,7.1,
發瘋,3.2,7.1,
絞痛,3.1,8.3,
跑不動,4.0,5.7,
進退兩難,4.1,6.2,
亂七八糟,3.1,6.8,
超人,7.4,7.6,
週到,7.6,5.6,
進化,6.4,5.4,
開趴,6.9,7.9,
順耳,5.9,5.0,
微乎其微,4.3,3.9,
愚昧,2.9,6.2,
慌張,2.6,7.4,
摃龜,2.6,6.0,
暈倒,3.2,5.6,
勤快,7.0,5.3,
搞笑,6.5,6.0,
新穎,6.6,5.9,
源源不絕,6.5,5.8,
準時,6.7,4.4,
肆無忌憚,3.2,6.2,
腫起來,3.3,6.7,
腰酸背痛,3.0,6.9,
落單,3.0,5.0,
詭異,2.7,6.1,
欲振乏力,3.0,3.8,
猙獰,2.0,6.1,
猝死,1.0,8.0,
粗淺,3.6,3.2,
累人,3.5,5.0,
一覽無遺,6.0,4.8,
不遑多讓,6.2,4.0,
專心,7.0,3.4,
專注,7.1,3.6,
強有力,7.3,7.2,
強而有力,7.3,7.2,
粗線條,4.1,4.2,
勞民傷財,2.7,5.5,
單調,4.0,3.2,
惡名昭彰,1.2,6.6,
惱人,2.5,5.2,
得心應手,7.3,4.9,
深植人心,6.5,5.4,
清爽,6.9,4.9,
清清爽爽,6.9,4.9,
理所當然,6.0,4.9,
痊癒,7.2,4.9,
無以復加,3.8,6.1,
痛心疾首,2.1,8.0,
痠,4.0,5.0,
痠軟,3.4,4.6,
痠痛,2.6,6.1,
酸痛,2.6,6.1,
痠痠痛痛,2.6,6.1,
酸酸痛痛,2.6,6.1,
盛開,6.8,5.3,
得寵,7.7,6.8,
淺顯易懂,6.5,4.7,
脫穎而出,7.3,6.6,
復原,6.9,5.2,
發麻,3.7,4.6,
硬著頭皮,3.1,5.2,
詞不達意,3.1,4.7,
令人費解,3.6,4.3,
超兇,2.5,7.9,
無與倫比,7.8,7.3,
犀利,7.2,6.2,
硬挺,7.2,5.3,
童叟無欺,7.0,4.0,
絕佳,8.2,6.2,
超重,3.2,5.0,
亂掉,3.1,4.2,
傷痕累累,2.3,4.0,
傻眼,4.1,4.6,
塞車,3.3,4.4,
開懷,6.5,7.1,
順暢,7.4,6.2,
黃袍加身,7.6,7.4,
黑白分明,6.0,4.2,
傲人,7.0,6.4,
慌亂,3.1,6.3,
矮人一截,3.1,3.8,
碎裂,3.1,5.1,
稚嫩,5.0,3.0,
綁手綁腳,3.8,4.6,
勤勞,6.8,4.0,
煥然一新,7.4,6.0,
腳踏實地,6.4,4.4,
萬幸,7.0,5.8,
解渴,6.6,5.8,
腫痛,2.9,6.1,
載浮載沉,3.4,4.0,
載沉載浮,3.4,4.0,
過冷,2.9,4.7,
違和,3.8,4.2,
鼓噪,3.6,6.6,
單薄,3.2,3.1,
惡狠,1.9,6.0,
無言,3.2,4.2,
發霉,2.4,4.4,
超時,3.1,5.5,
清醒,6.2,3.7,
爽玩,7.6,6.9,
盛裝,7.1,4.9,
無所不包,6.8,4.9,
萬眾矚目,8.7,7.6,
過載,2.9,5.8,
墊底,1.9,4.8,
寥寥無幾,2.8,4.3,
屢見不鮮,3.9,3.0,
彆扭,3.2,5.0,
萬無一失,8.0,3.4,
遊刃有餘,7.7,3.0,
道地,6.6,2.7,
道道地地,6.6,2.7,
飽和,5.4,3.2,
鼎鼎大名,7.8,6.8,
漏氣,3.3,5.9,
慘不忍睹,1.8,6.6,
遙遙無期,2.7,4.0,
遜,2.2,6.5,
酷寒,3.5,4.3,
有助於,6.5,3.2,
念念不忘,6.2,4.7,
壽終正寢,2.5,3.9,
實事求是,6.0,3.3,
旗鼓相當,7.3,5.0,
酸澀,3.2,4.9,
頗重,4.3,5.0,
鼻塞,3.2,2.8,
嘩然,3.1,6.8,
嘴硬,3.0,5.9,
稱霸,7.3,7.7,
精闢,7.0,5.3,
綽綽有餘,7.2,3.0,
貌美,7.4,4.3,
赫赫有名,7.7,6.4,
標新立異,6.3,5.6,
潦草,3.2,3.6,
潮溼,3.5,3.6,
潮濕,3.5,3.6,
熱死,2.1,6.4,
皺巴巴,2.5,4.1,
酷炫,6.8,5.3,
頗多,6.2,3.4,
賣力,6.3,6.7,
銳減,3.5,4.6,
駝背,3.1,2.5,
魯莽,2.7,5.6,
壅塞,2.6,5.4,
糗爆,2.0,6.8,
銳利,6.5,4.9,
憨厚,5.6,3.3,
整齊劃一,6.2,2.7,
曇花一現,4.1,5.1,
樸實,5.9,2.2,
龜裂,3.9,3.9,
嚇人,2.3,6.6,
縮水,3.3,4.9,
醜陋,2.0,5.9,
斷線,2.3,5.4,
無緣,3.4,3.1,
發癢,3.6,4.9,
超現實,4.3,6.2,
腫脹,3.9,5.1,
過氣,3.0,4.0,
清新,6.6,3.9,
無傷大雅,5.1,2.2,
貼切,5.9,3.6,
超強,8.0,8.0,
勤儉,6.8,2.9,
慘兮兮,2.4,6.0,
慚愧,2.5,5.1,
慵懶,4.2,2.6,
漏水,3.1,4.2,
漫長,3.7,3.0,
飽滿,6.2,3.3,
嘆為觀止,7.5,7.8,
嘔心瀝血,7.4,6.1,
圖文並茂,7.6,5.9,
有利於,7.7,5.1,
熄火,3.4,4.8,
聞之色變,3.0,6.6,
蒼老,2.9,3.3,
說不過去,3.0,5.1,
遙不可及,3.7,4.6,
實實在在,7.0,3.1,
暢銷,7.8,6.2,
滴水不漏,7.2,4.3,
稱職,8.0,3.8,
精采,8.5,7.1,
層出不窮,4.4,6.1,
憔悴,2.7,3.9,
撐不住,2.6,5.7,
撲朔迷離,4.0,3.0,
暫緩,4.3,2.8,
輕而易舉,6.8,4.8,
魂牽夢縈,5.8,4.3,
緊鑼密鼓,5.7,6.2,
與眾不同,6.8,5.9,
遠大,6.8,5.7,
瘙癢,4.0,5.7,
皺掉,3.6,4.4,
膚淺,2.7,4.0,
賠錢,2.4,5.8,
醉倒,2.1,6.0,
頗負盛名,7.3,6.9,
厲害,7.3,7.3,
寬敞,7.1,4.0,
憂喜參半,4.8,5.5,
數一數二,7.1,7.1,
遺漏,3.6,3.5,
險峻,3.4,5.4,
頭暈目眩,3.3,4.9,
頹廢,2.6,2.8,
駭人聽聞,2.3,6.8,
歷久不衰,7.2,4.6,
激挺,6.5,7.3,
縝密,6.5,3.8,
親民,6.9,3.5,
醒目,6.3,6.6,
嚇歪,2.9,7.4,
斷斷續續,3.7,3.8,
翻車,2.2,7.5,
藏污納垢,1.9,6.0,
雜七雜八,2.7,5.2,
無解,2.6,4.7,
超速,3.2,7.5,
過熟,4.4,5.0,
雞婆,3.0,6.2,
離奇,4.9,6.9,
無所遁形,5.8,3.6,
超群,7.5,6.3,
精純,7.9,3.9,
隨心所欲,6.5,3.3,
險勝,6.4,8.1,
壞掉,2.6,5.2,
爛掉,2.1,6.0,
礙手礙腳,2.0,5.2,
繪聲繪影,4.4,4.5,
難受,2.0,7.3,
優異,8.6,6.5,
趨之若騖,5.5,5.7,
鮮艷,7.2,4.3,
癒合,7.3,3.8,
簡便,7.2,3.2,
囉唆,3.2,6.8,
囉嗦,3.2,6.8,
囉囉唆唆,3.2,6.8,
囉囉嗦嗦,3.2,6.8,
彎腰駝背,3.2,2.6,
籠統,3.9,2.0,
髒兮兮,2.1,3.6,
髒汙,2.3,3.9,
穩紮穩打,7.7,2.6,
豐盈,6.8,3.8,
顧家,7.8,3.6,
鶴立雞群,8.2,6.2,
驚天動地,6.3,8.8,
變差,2.9,5.3,
變糟,2.2,5.6,
體無完膚,2.0,6.6,
枉費,3.0,6.3,
風靡,6.1,6.8,
兼備,6.7,3.6,
精簡,7.1,4.2,
緩解,6.5,3.0,
紓解,7.3,3.5,
盲從,3.1,5.3,
流失,3.2,4.8,
耐不住,3.6,7.2,
倚賴,4.2,4.1,
容納不下,2.8,4.0,
獨得,7.0,6.1,
擴增,6.7,5.1,
蟬聯,7.8,7.1,
跟不上,2.9,4.8,
鄙視,1.7,4.6,
歷盡滄桑,4.0,5.8,
激化,6.0,8.0,
迷上,5.1,7.0,
豐沛,7.2,3.8,
乾爽,6.4,2.3,
美觀,7.7,3.2,
變塌,3.0,4.2,
變濁,2.7,4.2,
看不慣,2.7,5.4,
看不過去,2.7,5.4,
納悶,3.9,4.2,
無能為力,2.0,3.4,
超悶,2.1,4.9,
過頭,2.8,5.8,
離譜,1.9,6.4,
鬆垮,2.6,5.3,
超越,6.5,6.7,
精準,7.5,6.1,
頗佳,7.1,6.2,
優越,7.7,6.1,
應有盡有,6.9,6.1,
難聽,2.7,5.9,
顛簸,3.6,5.7,
繁雜,3.7,5.2,
龐雜,3.6,5.0,
嚴苛,3.2,5.8,
簡約,6.1,3.8,
豐收,7.2,6.7,
穩當,7.3,4.6,
難能可貴,7.4,7.0,
瀟灑,7.1,6.0,
曬傷,3.2,6.4,
纖弱,3.9,3.8,
變心,2.3,7.0,
變態,1.7,8.0,
驟變,3.1,7.0,
驚艷,6.7,7.6,
驚豔,6.7,7.6,
不可小覷,6.7,6.2,
不亞於,6.1,4.7,
充盈,6.3,5.4,
包容,6.7,4.0,
出言不遜,3.1,7.7,
白費,2.8,5.5,
吃不消,3.1,5.7,
自恃,3.8,5.4,
冷落,2.9,4.3,
專精,7.6,5.1,
崇尚,7.0,6.0,
眷戀,6.5,5.3,
喜獲,7.3,7.7,
榮獲,7.5,7.6,
耗盡,3.7,5.7,
臭死,1.6,7.1,
記錯,3.1,4.6,
混雜,3.1,4.4,
滋生,3.1,3.8,
獨具慧眼,6.9,5.2,
愛戴,7.1,5.6,
聽得懂,6.4,4.3,
超難,2.9,6.4,
離題,2.9,5.3,
變臭,2.1,6.7,
變扁,3.3,4.5,
無法自拔,3.9,6.5,
奢求,4.1,6.4,
猜不透,3.3,3.7,
痛感,2.8,6.4,
無神,3.9,2.4,
漏電,3.7,6.1,
離異,2.9,5.1,
曠日廢時,2.6,3.6,
精進,7.0,6.2,
療癒,7.1,4.6,
繁華,7.7,6.0,
臨危不亂,7.5,4.0,
舉足輕重,6.2,5.7,
難懂,3.4,4.0,
騷包,3.6,5.2,
鐵齒,3.3,4.7,
霸道,3.0,7.3,
黯然失色,2.9,4.2,
優渥,7.9,5.0,
豐盛,7.7,5.1,
穩如泰山,7.3,3.3,
繽紛,7.8,5.8,
釋懷,6.8,3.3,
變老,4.3,3.2,
變嫩,6.3,3.9,
鬱悶,2.6,3.9,
不及,2.2,4.6,
比不上,2.2,4.6,
心疼,2.8,6.3,
驚為天人,8.3,8.5,
回味,6.4,4.6,
佩服,7.6,6.4,
保佑,6.8,5.0,
看重,6.5,6.5,
改變不了,3.6,3.6,
屈就,3.1,4.2,
抵不過,3.6,3.8,
拘泥,3.4,3.8,
放不下,3.1,5.3,
萌,7.1,5.6,
愛惜,6.0,4.8,
跟得上,6.3,4.8,
獨享,6.2,6.2,
震撼,5.3,7.6,
耗損,4.0,5.2,
損耗,4.0,5.2,
傷透,2.6,7.6,
嫌棄,2.4,6.1,
愧對,3.0,5.4,
損及,3.0,4.0,
贏過,7.3,6.2,
歡度,7.5,6.6,
乾脆,6.1,5.8,
變鈍,3.5,3.0,
不堪,2.9,5.0,
分不清楚,3.8,3.8,
遺忘,3.3,3.6,
昏暗,3.7,3.1,
美中不足,3.2,4.7,
一氣呵成,7.4,7.6,
大名鼎鼎,7.8,7.3,
不雅,3.2,4.4,
天下無敵,8.8,8.1,
水腫,3.0,4.2,
出血,2.4,6.8,
平分秋色,5.4,4.0,
合情合理,5.6,3.8,
生鏽,3.4,2.8,
失竊,1.6,6.4,
三生有幸,6.4,6.8,
中風,1.4,7.0,
心急,3.0,8.0,
出線,5.8,5.6,
死心眼,2.8,3.2,
沒效,4.2,4.4,
無效果,4.2,4.4,
沒效果,4.2,4.4,
秀麗,7.2,4.4,
行得通,6.8,6.0,
歪七扭八,3.7,3.0,
陣亡,1.6,1.8,
飢渴,2.7,3.4,
乾巴巴,2.6,2.0,
乾枯,2.8,2.0,
高超,7.6,7.6,
乾淨,7.3,6.3,
乾乾淨淨,7.3,6.3,
閃亮,7.6,7.4,
閃閃亮亮,7.6,7.4,
閃閃發光,7.6,7.4,
閃閃發亮,7.6,7.4,
閃耀,7.6,7.4,
退稅,5.9,6.2,
一應俱全,7.5,3.2,
不謀而合,6.8,4.4,
好命,7.4,3.3,
大驚失色,2.7,8.0,
不知所云,2.2,3.6,
手忙腳亂,2.1,7.6,
好看,7.2,3.7,
有著落,6.6,3.0,
百發百中,7.6,7.1,
多此一舉,3.2,3.1,
出糗,2.3,5.8,
吃不開,3.0,3.6,
旺盛,7.1,2.4,
明快,7.0,2.4,
易如反掌,8.0,2.8,
走投無路,1.2,6.7,
刺鼻,2.3,6.5,
受創,2.3,6.9,
表裡如一,6.6,2.4,
迎刃而解,7.6,3.2,
浮腫,2.7,2.5,
衰落,2.3,3.1,
討人厭,1.4,7.5,
起疑,3.9,3.2,
迷茫,3.4,2.7,
相見恨晚,6.3,6.5,
風平浪靜,6.0,1.4,
柔中帶勁,6.3,2.1,
海派,7.2,4.8,
純熟,6.7,2.2,
一清二楚,7.1,3.1,
大勝,9.0,8.9,
叫座,8.5,7.6,
口說無憑,3.0,4.4,
大費周章,3.8,5.0,
天公不作美,2.4,3.1,
平淡,4.8,2.1,
平淡無奇,4.8,2.1,
名不虛傳,7.5,5.5,
支離破碎,1.6,6.8,
出錯,2.5,5.2,
失禮,2.4,5.2,
受益,7.2,4.0,
始終如一,6.7,3.8,
尚可,6.0,5.1,
普普,5.1,3.2,
普通,5.1,3.2,
普普通通,5.1,3.2,
馬馬虎虎,5.1,3.2,
所費不貲,2.9,4.1,
披頭散髮,3.6,4.2,
抽筋,4.0,6.2,
知名,6.9,4.1,
空閒,5.2,1.4,
浮誇,4.0,6.6,
氣爆,2.3,8.6,
狼狽,2.1,5.7,
狼狽不堪,2.1,5.7,
病態,2.6,4.7,
破舊,3.4,3.8,
特強,8.2,7.4,
神奇,6.2,6.6,
純正,6.6,3.4,
風雅,7.4,3.3,
挺住,6.3,4.8,
一勞永逸,7.2,4.6,
大開眼界,7.8,7.5,
多汁,6.2,5.7,
大錯特錯,2.3,7.0,
不夠看,4.4,4.7,
心驚膽跳,2.7,8.3,
心驚膽戰,2.7,8.3,
心驚膽顫,2.7,8.3,
名列前茅,7.4,6.8,
好心,7.6,3.1,
如願以償,7.3,5.8,
多慮,4.6,5.5,
有恃無恐,4.4,4.3,
水火不容,2.6,7.9,
忠心耿耿,7.7,4.3,
怡然自得,7.2,2.8,
性感,6.1,4.5,
委靡,2.3,4.4,
孤零零,2.5,3.8,
居心叵測,2.4,5.6,
爭氣,7.3,6.0,
直挺挺,6.4,4.4,
凍僵,4.2,5.1,
弱不禁風,3.0,2.6,
捉摸不定,3.2,3.9,
氣炸,1.6,8.8,
風流,2.5,4.1,
相見歡,7.7,7.4,
挺拔,7.2,4.0,
特殊,6.5,3.4,
神清氣爽,7.7,5.9,
笑容可掬,8.4,6.8,
一掃而空,6.8,7.4,
大好,8.5,7.7,
內斂,6.3,3.2,
口乾舌燥,2.9,4.2,
大起大落,3.4,7.8,
不慎,3.1,5.6,
千變萬化,5.9,6.4,
天真爛漫,6.6,5.0,
中規中矩,5.2,3.6,
血流如注,1.8,8.3,
秀逗,2.4,4.4,
手拙,2.9,3.0,
有意思,6.6,5.3,
事事如意,7.9,5.3,
受用,7.6,5.4,
拖泥帶水,2.7,4.2,
於事無補,1.7,3.4,
事倍功半,3.4,5.1,
服貼,6.9,4.8,
服服貼貼,6.9,4.8,
果決,8.0,7.3,
風騷,3.9,7.9,
苦澀,3.1,3.6,
凍傷,2.1,5.1,
剝落,2.2,5.3,
差強人意,3.5,3.4,
茂密,6.0,4.7,
負責任,7.7,5.5,
重生,8.7,7.7,
香噴噴,7.2,7.1,
剛直,6.9,5.4,
天花亂墜,3.2,5.5,
吃重,4.5,3.7,
自戀,4.3,4.6,
走火入魔,2.6,7.4,
受損,2.6,4.0,
平順,6.4,2.1,
有解,6.7,4.6,
老少咸宜,6.8,3.0,
返璞歸真,7.3,2.0,
長壽,7.4,2.9,
一無是處,1.9,7.0,
不像話,2.4,5.8,
南轅北轍,3.5,5.3,
天差地遠,3.5,5.3,
叛逆,3.2,5.9,
幽暗,3.3,3.2,
恍然大悟,7.1,6.9,
恬淡,7.2,1.8,
持之以恆,7.3,1.9,
指日可待,6.7,3.4,
春暖花開,7.1,3.0,
後悔莫及,2.4,7.3,
枯燥,3.1,2.8,
看錯,3.9,3.0,
突兀,4.1,4.7,
紅腫,4.5,3.3,
洋洋得意,6.4,6.9,
活靈活現,7.1,7.0,
皆大歡喜,8.6,8.1,
皇天不負苦心人,8.5,8.2,
相安無事,6.5,2.3,
一枝獨秀,7.7,6.8,
一觸即發,2.7,7.8,
大吉,8.9,7.2,
小題大做,2.5,6.8,
毛燥,2.7,7.8,
毛躁,2.7,7.8,
凹陷,4.2,4.6,
平易近人,5.1,3.7,
生龍活虎,7.4,8.0,
成癮,2.0,6.5,
有出入,4.1,5.3,
不勝枚舉,6.3,6.0,
平實,5.2,3.5,
下垂,3.4,5.1,
大剌剌,4.3,5.0,
天衣無縫,7.8,7.0,
牛刀小試,7.1,6.3,
吃力,3.1,6.2,
失準,2.9,6.8,
行雲流水,7.4,5.4,
沈穩,6.3,4.6,
沉穩,6.3,4.6,
乾澀,3.9,4.4,
乾乾澀澀,3.9,4.4,
停電,3.8,7.4,
偷懶,2.7,4.5,
高不可攀,2.9,6.5,
堆積如山,3.3,5.6,
風情萬種,7.5,7.1,
特立獨行,6.2,5.8,
純樸,5.3,4.4,
起勁,7.0,7.7,
堂堂正正,7.2,4.9,
上榜,7.6,7.7,
大手筆,6.1,7.1,
賣座,7.9,7.3,
好握,6.8,4.5,
失真,3.5,3.2,
不失真,6.4,3.6,
中看,6.8,4.2,
不起眼,3.5,2.7,
略勝一籌,6.3,5.7,
略遜,3.8,4.5,
負擔得起,5.7,3.8,
買不起,3.9,4.7,
充斥,4.6,3.6,
老氣,4.0,4.0,
不錯,6.3,4.4,
中用,6.6,4.5,
有口皆碑,7.7,7.0,
中意,7.5,6.4,
為人詬病,3.4,4.7,
破損,3.3,3.2,
缺損,3.3,3.2,
退色,3.5,3.0,
褪色,3.5,3.0,
好用,6.8,5.5,
拔得頭籌,7.8,7.3,
物美價廉,7.7,6.0,
物超所值,8.4,7.2,
超值,8.2,7.1,
划算,7.3,6.7,
特惠,7.5,6.9,
買一送一,6.8,6.1,
貴,3.1,5.3,
笨重,2.7,4.1,
大吃一驚,4.8,7.9,
封后,7.4,7.8,
流線,5.9,3.3,
炫爆,7.2,7.6,
相符,5.6,3.4,
合身,5.9,3.6,
當機,3.5,4.0,
過重,3.0,3.8,
首屈一指,8.6,6.9,
值回票價,8.2,6.9,
不閃頻,6.4,4.2,
爽口,6.9,5.0,
走味,3.1,4.1,
貪小便宜,3.0,3.6,
耐操,5.9,4.3,
美呆,7.7,7.5,
接地氣,6.1,4.6,
淋漓盡致,7.6,6.1,
貨真價實,7.8,5.6,
廉價,4.0,3.3,
頂尖,8.6,6.5,
勝出,7.4,6.1,
超酷,7.4,7.0,
搶手,8.1,6.8,
新潮,6.5,5.2,
耗電,3.5,3.8,
費電,3.5,3.8,
耗時,3.5,3.8,
費時,3.5,3.8,
過短,3.1,4.0,
實惠,7.0,4.7,
精打細算,7.1,4.1,
前所未有,6.4,6.7,
前所未見,6.4,6.7,
輕薄短小,6.7,4.0,
寬裕,7.3,4.1,
一目了然,6.9,2.8,
一目瞭然,6.9,2.8,
七零八落,2.8,3.6,
十全十美,8.4,6.9,
上鏡頭,6.7,5.4,
大功告成,8.0,7.0,
大失所望,2.0,7.2,
小心翼翼,5.7,5.9,
小康,5.7,4.0,
不合,3.0,6.7,
不妙,3.2,6.8,
中上,6.8,5.0,
中獎,8.5,8.9,
井井有條,7.0,4.2,
六神無主,3.4,2.4,
凶狠,2.2,8.2,
凶惡,2.4,8.0,
分岔,4.4,3.9,
弔詭,3.3,4.0,
心不甘情不願,2.9,5.9,
手癢,4.2,6.6,
扎實,7.8,3.3,
火大,2.2,8.7,
火紅,7.4,7.5,
令人髮指,1.9,8.2,
凹凸不平,4.1,5.4,
出頭,6.0,6.3,
功不可沒,7.9,4.6,
包羅萬象,7.4,4.2,
半途而廢,3.3,3.3,
叫好,7.4,7.6,
可圈可點,7.9,6.0,
四平八穩,6.0,2.8,
外強中乾,3.2,4.5,
失火,2.2,8.5,
失靈,3.3,7.3,
平凡,4.8,2.2,
平凡無奇,4.8,2.2,
正點,7.0,6.8,
甘醇,6.7,4.2,
生硬,4.0,3.6,
用心,7.4,4.5,
白搭,3.5,3.8,
丟失,3.0,5.6,
兇狠,2.2,8.2,
兇惡,2.4,8.0,
先聲奪人,4.6,5.6,
光明正大,7.0,5.0,
全力以赴,7.7,6.9,
划不來,3.9,2.9,
吃香,6.7,5.2,
各有千秋,6.4,4.5,
合用,5.7,4.0,
名副其實,6.8,5.0,
名符其實,6.8,5.0,
回天乏術,1.6,6.6,
多不勝數,6.2,5.0,
好聽,7.3,6.8,
如火如荼,5.9,7.3,
尖嘴猴腮,2.4,3.5,
屹立不搖,7.7,3.5,
年久失修,3.4,2.9,
忙碌,5.3,7.2,
成名,7.4,6.9,
收斂,4.9,3.0,
有一手,6.2,4.8,
死板,3.5,3.6,
死板板,3.5,3.6,
汗流浹背,4.7,6.5,
汙濁,3.2,3.6,
灰濛濛,3.7,3.1,
百思不得其解,3.1,5.0,
老舊,3.8,3.2,
耳目一新,6.7,6.3,
自給自足,7.4,4.3,
血淋淋,2.4,7.6,
行不通,3.3,4.1,
吵雜,3.5,7.6,
呆滯,3.4,1.8,
告一段落,5.8,3.9,
困惱,2.8,6.2,
坑坑洞洞,3.7,5.5,
完封,8.2,7.5,
技壓群雄,8.4,8.1,
抓狂,2.0,8.7,
更勝一籌,7.3,6.4,
沈悶,3.3,2.2,
沉悶,3.3,2.2,
沒骨氣,2.9,3.6,
沙啞,4.5,3.6,
灼熱,3.7,7.6,
狂爆,3.6,8.3,
秀氣,6.8,3.7,
良莠不齊,3.7,5.3,
見效,6.5,5.8,
走火,2.6,7.5,
身歷其境,6.1,6.1,
邪不勝正,7.7,5.6,
並駕齊驅,7.9,6.4,
乖乖,6.3,3.1,
事半功倍,7.3,5.8,
來勢洶洶,5.5,7.4,
兩全其美,7.5,4.5,
其貌不揚,3.0,3.7,
刺耳,2.6,6.9,
受潮,3.6,3.3,
周延,7.2,4.4,
和樂,6.8,4.9,
奄奄一息,2.6,3.1,
奇貨可居,7.2,5.8,
始料未及,3.6,6.0,
紮實,7.8,3.3,
冷靜下來,5.2,4.4,
快快活活,6.4,5.2,
沈迷,3.0,5.2,
沈默不語,4.7,2.2,
沉寂,3.8,2.3,
生銹,3.4,2.8,
心生畏懼,3.3,5.3,
平平靜靜,6.4,2.4,
平平淡淡,4.8,2.1,
叱責,2.6,6.3,
可怖,3.4,6.8,
沒法,4.2,4.4,
沒法子,4.2,4.4,
沒法兒,4.2,4.4,
刺耳聲,2.6,6.9,
柔柔順順,5.8,3.2,
冒充者,3.1,4.4,
背叛者,2.0,8.0,
自卑感,2.6,3.8,
妨礙者,3.2,5.8,
走好運,7.0,5.8,
逃掉,3.2,5.4,
率直地,6.0,3.6,
羞怯怯,3.6,4.4,
陰沈,3.2,3.4,
陰沈沈,3.2,3.4,
悶悶,3.8,4.0,
悶著,3.8,4.0,
欺侮,3.3,6.5,
詐欺,2.6,7.0,
欺詐,2.6,7.0,
減縮,4.0,4.2,
無能力,3.0,6.0,
沒能力,3.0,6.0,
無理性,2.6,6.8,
沒理性,2.6,6.8,
無趣味,3.4,5.2,
沒趣味,3.4,5.2,
沒趣,3.4,5.2,
筋疲力盡,3.0,5.2,
筋疲力竭,3.0,5.4,
結結巴巴,4.0,4.6,
費解,3.6,4.3,
不雅觀,3.2,4.4,
歎息,3.4,3.8,
歎氣,3.2,4.0,
熱切於,6.2,6.4,
熱誠地,6.6,5.2,
惹人厭,1.4,7.5,
慌慌張張,2.6,7.4,
煩燥,3.2,7.6,
違悖,3.0,4.8,
嘈雜,3.5,7.6,
嘈雜聲,3.5,7.6,
吵雜聲,3.5,7.6,
嘮嘮叨叨,3.8,5.8,
憐憫心,5.8,5.0,
熱心腸,6.4,5.2,
噪聲,3.6,5.0,
謙遜地,6.4,3.5,
還可以,6.0,5.1,
可信賴,7.2,5.4,
可信任,7.8,5.8,
打退,5.5,6.9,
斥罵,2.6,6.3,
叱罵,2.6,6.3,
安靜下來,5.6,2.4,
死氣沉沉,3.0,5.8,
死氣沈沈,3.0,5.8,
埋怨,2.8,6.6,
討人嫌,1.4,7.5,
顧人怨,1.4,7.5,
惹人嫌,1.4,7.5,
假扮,3.8,4.4,
做假,3.4,5.3,
做秀,3.8,4.2,
得罪人,3.2,5.6,
淒慘,1.7,6.1,
謊話,2.8,4.2,
蠢蛋,3.0,5.6,
蠢人,3.4,5.4,
失業者,3.0,4.0,
窘況,3.6,4.4,
潛心於,5.4,2.8,
低沈,4.6,3.4,
昏沈,3.2,3.4,
昏昏沈沈,3.2,3.4,
昏昏沉沉,3.2,3.4,
嚴重的,3.2,7.0,
了解,5.6,3.6,
嚇到,3.6,6.8,
介意,4.1,4.5,
自危,3.0,5.0,
密告,3.3,3.7,
無病呻吟,3.9,4.9,
耍脾氣,3.8,6.7,
氣呼呼,2.8,7.7,
污物,2.0,3.6,
偽君子,2.3,4.3,
亂丟,3.4,4.2,
狗嘴裡吐不出象牙,2.9,5.2,
狗嘴吐不出象牙,2.9,5.2,
混日子,3.7,3.0,
不置可否,4.3,3.1,
出氣,3.5,6.6,
有心人,3.9,2.4,
凌遲,2.5,7.0,
內訌,3.1,6.2,
扭歪,3.7,4.0,
望塵莫及,4.0,5.3,
搞亂,3.3,5.0,
畜生,1.7,8.3,
袖手旁觀,3.5,3.5,
猛吃,4.5,6.2,
悻悻然,3.9,4.5,
無可奈何,3.9,3.7,
自掃門前雪,3.2,4.4,
圍城,3.3,4.6,
離鄉背井,3.8,5.1,
有口無心,4.1,3.5,
錯覺,4.6,2.4,
呆板,4.0,3.1,
發昏,3.7,3.6,
故態復萌,3.4,4.3,
尋仇,2.9,7.6,
不屈服,5.8,7.5,
欺負弱小,3.1,6.0,
從中作梗,3.6,4.1,
脫軌,3.0,5.9,
困窮,2.3,5.1,
枯槁,2.8,3.9,
急忙,3.9,7.9,
急急忙忙,3.9,7.9,
無邊無際,4.5,4.6,
打高空,4.5,3.4,
陷住,3.8,5.6,
豬哥,3.2,4.9,
跛足,3.3,4.2,
慘烈,3.5,7.4,
窮途末路,2.5,7.0,
顛倒是非,2.9,5.9,
暈眩,3.9,4.0,
臭臉,3.3,5.8,
賣國,2.7,5.6,
善辯,4.9,4.6,
誤入歧途,2.9,5.4,
不配,2.8,5.3,
缺口,3.8,3.6,
火冒三丈,2.5,8.0,
吵死,2.3,8.2,
整頓,4.3,4.3,
犯賤,2.2,5.4,
凹下,4.1,3.6,
阻攔,3.7,4.5,
醉漢,3.2,6.0,
跛子,3.5,2.8,
不合群,2.6,4.5,
楞住,4.9,2.5,
不平衡,4.2,3.6,
醜惡,1.9,4.9,
憤世嫉俗,2.1,7.7,
惴惴不安,3.1,7.1,
變酸,3.7,3.9,
盡力而為,7.2,4.5,
蠻幹,3.8,6.1,
不羈,4.7,4.4,
危險期,2.8,5.2,
不孝,2.1,5.8,
省力,6.4,1.8,
不可信,3.3,3.8,
閃人,4.6,3.0,
包山包海,6.7,3.3,
互撞,3.6,6.6,
餓昏,3.6,4.2,
愁容滿面,2.9,4.2,
掉隊,3.6,3.2,
卑下,3.0,3.3,
迂迴,4.0,2.3,
不可名狀,6.0,5.6,
功敗垂成,2.3,5.3,
破銅爛鐵,2.0,4.6,
心煩,3.3,6.8,
滲漏,3.4,4.0,
心急如焚,3.4,8.4,
弄混,3.7,3.9,
弄糟,3.1,4.2,
弄碎,3.5,4.5,
不如人意,2.9,4.0,
要死,2.5,7.0,
挑撥是非,2.8,5.8,
天打雷霹,2.1,8.1,
淒然,2.5,4.5,
欺瞞,2.6,3.6,
匪類,2.3,4.8,
打罵,3.0,5.9,
愚弄,2.9,4.7,
孤僻,3.1,2.5,
污辱,2.5,5.9,
詭辯,3.4,4.6,
不可收拾,3.4,5.0,
不聽話,3.9,4.1,
黑店,2.7,4.9,
賣國賊,1.7,7.3,
卑微,2.7,3.2,
過不去,3.8,4.2,
潑婦,2.2,7.3,
爛仗,2.8,4.9,
苦差事,3.0,4.3,
悶住,3.7,3.1,
漠然,3.9,2.0,
嗤之以鼻,2.7,4.7,
當頭棒喝,5.9,7.6,
匆忙,3.3,5.0,
匆匆忙忙,3.3,5.0,
引頸企盼,7.0,5.4,
強詞奪理,3.0,7.1,
不名譽,2.6,4.2,
上鉤,3.7,3.8,
刪減,3.8,4.0,
打顫,4.1,3.4,
慘絕人寰,1.0,8.4,
炮擊,2.4,7.1,
唱反調,3.4,5.3,
猛踢,3.9,6.9,
欺凌,1.9,6.8,
沾染,2.8,3.8,
告密,2.6,4.0,
漠不關心,2.4,2.4,
漏球,3.2,3.9,
太閒,4.6,1.6,
作弄,3.8,3.6,
流離失所,2.6,5.0,
罵人,2.8,6.5,
受驚,3.8,6.0,
聲名狼藉,1.8,4.6,
醜男,2.0,4.2,
醜女,2.0,4.2,
老謀深算,5.8,1.8,
鬧彆扭,3.8,5.0,
催吐,4.3,5.9,
食古不化,3.6,3.5,
耐震,6.2,1.4,
狂妄,3.3,4.6,
喧嚷,3.0,4.9,
更壞,2.7,3.6,
污點,2.2,3.7,
瞎眼,1.6,6.2,
訓斥,1.6,6.1,
死狗,1.1,5.4,
小心眼,2.9,4.2,
消瘦,5.2,3.6,
打抱不平,6.2,4.7,
自吹自擂,4.2,5.1,
阿諛,3.0,4.2,
傷風敗俗,1.6,5.1,
喧囂,3.4,4.2,
喧囂聲,3.4,4.2,
害人精,2.2,4.6,
劫掠,2.4,5.6,
流放,2.8,5.1,
靠不住,2.9,4.4,
有種,6.6,4.0,
壓破,4.0,4.2,
輕佻,3.4,3.0,
心寒,2.8,2.6,
放寬,6.7,1.6,
仿冒,3.6,3.6,
好久,4.4,2.1,
不平等,2.6,3.4,
嚇呆,3.2,4.8,
低水平,2.8,3.6,
暗地,3.6,2.4,
瘟疫,2.2,5.1,
好鬥,3.4,6.2,
帶衰,1.6,6.2,
不甩,3.5,3.4,
隱退,5.0,3.1,
有仇,2.1,7.0,
虧空,1.8,6.6,
冷嘲熱諷,2.2,6.8,
惱怒,1.6,8.1,
無賴,2.6,6.0,
加收,4.1,3.8,
濫打,3.0,6.4,
意志消沈,1.4,2.9,
意志消沉,1.4,2.9,
妄動,4.2,4.3,
濃烈,5.4,7.9,
貶低,2.9,5.2,
弄死,1.6,8.0,
冒昧,4.6,2.8,
婊子,1.4,7.3,
勞役,3.2,5.2,
逃之夭夭,3.3,4.3,
有礙觀瞻,3.3,6.0,
裝死,3.9,5.3,
做錯,3.7,5.0,
做錯事,3.7,5.0,
杯盤狼藉,3.3,3.8,
傷痛欲絕,1.2,8.8,
抖顫,3.5,7.4,
把關,5.0,3.4,
喝倒彩,2.4,5.6,
存心,3.6,3.7,
悲涼,1.4,3.7,
口臭,2.8,2.9,
激憤,2.5,8.6,
詭計多端,2.8,5.1,
奸詐,2.0,5.1,
如釋重負,7.1,2.4,
濫葬,2.6,3.5,
可恨,2.2,5.8,
亂哄哄,3.9,7.1,
大言不慚,3.7,3.8,
賣弄,4.2,4.0,
滾蛋,1.6,8.4,
人渣,1.0,8.6,
鬼子,1.9,6.6,
砍頭,1.6,7.2,
不好過,2.6,4.9,
驚叫,3.2,8.6,
狂愛,7.3,8.3,
貶黜,3.0,4.3,
打屁股,4.2,5.4,
鬧鬼,2.4,7.4,
烙印,3.3,6.2,
盲點,4.9,1.5,
亂扯,3.9,3.5,
孤寂,2.8,2.2,
乞求,2.8,4.3,
找碴,2.4,7.0,
找麻煩,2.4,7.0,
以偏概全,4.4,2.3,
打偏,4.0,2.7,
傻瓜,3.1,4.6,
上癮,4.2,6.8,
污漬,4.0,1.9,
禍害,2.4,5.5,
避諱,4.2,3.2,
有出息,7.0,5.9,
鬆落,3.9,3.3,
嗜殺成性,2.1,5.8,
拍馬屁,3.5,4.0,
尖叫,4.1,7.6,
嚎啕大哭,3.5,7.3,
連累,2.9,4.0,
罵髒話,2.7,6.5,
吵嘴,3.8,4.9,
撕破,3.6,5.1,
受限,3.9,3.1,
要飯,3.4,4.3,
凶兆,3.4,3.6,
驚醒,3.5,5.7,
砍斷,4.0,4.1,
猛攻,4.3,5.8,
不可諱言,4.8,3.3,
唯恐不及,3.8,5.0,
狠毒,2.7,5.4,
困頓,3.5,3.9,
耍賤,3.1,5.0,
怕死,3.4,4.9,
豬頭,3.5,3.3,
強壓,3.9,4.5,
妒恨,2.7,6.1,
地獄,3.2,3.5,
減損,4.0,3.4,
批鬥,3.5,6.0,
空想,3.9,3.3,
搪塞,3.3,4.0,
牽腸掛肚,5.0,5.2,
重壓,3.8,3.3,
惆悵,3.6,3.3,
以德報怨,6.3,3.8,
騙人,3.7,4.4,
遜位,4.3,3.1,
難為情,4.3,4.3,
焦燥,3.5,6.3,
焦躁,3.5,6.3,
繚亂,3.5,4.2,
申斥,3.7,4.6,
專權,3.3,4.2,
玷污,2.5,6.2,
干戈,3.3,4.3,
禁錮,2.9,3.4,
殲滅,3.9,6.1,
落寞,3.1,2.8,
毒殺,2.2,6.2,
摔倒,4.4,4.8,
跌倒,4.4,4.8,
摔跤,4.4,4.8,
摔一跤,4.4,4.8,
跌跤,4.4,4.8,
跌一跤,4.4,4.8,
搞屁,4.2,5.4,
嫉妒,3.4,5.8,
適得其反,3.5,4.2,
失魂落魄,3.1,4.3,
打爛,3.6,5.4,
槓上,3.8,5.9,
倒下,3.9,3.6,
沈溺,3.4,3.3,
沉溺,3.4,3.3,
懇摯,6.6,4.1,
坐立不安,3.7,5.0,
諸事順心,6.7,7.6,
安安穩穩,6.0,2.6,
淺薄,3.8,2.7,
失身,2.7,5.9,
琳瑯滿目,6.1,4.8,
叛國,3.0,6.0,
惡有惡報,3.7,6.0,
自由心證,5.1,3.9,
醉醺醺,3.9,3.5,
盡善盡美,7.3,3.6,
譏諷,3.4,5.1,
窮凶極惡,2.5,6.3,
夭折,3.0,6.1,
鑽牛角尖,3.8,5.2,
瘋人,3.9,6.0,
瘋子,3.9,6.0,
推托,4.0,3.9,
推卻,4.0,3.9,
何苦,4.1,2.3,
何苦來哉,4.1,2.3,
銷聲匿跡,4.1,2.0,
不方便,4.7,1.8,
失和,3.8,4.6,
卒仔,3.4,3.9,
俗辣,3.4,3.9,
善待,6.2,2.9,
胡作非為,3.1,5.4,
困局,3.7,3.9,
冷血,3.5,3.7,
態度不好,4.3,3.6,
稀疏,4.2,2.0,
貪生怕死,3.3,5.5,
炮轟,3.2,6.5,
時有時無,4.9,3.1,
亂砍,3.0,6.2,
走著瞧,3.6,5.9,
以牙還牙,3.1,6.2,
驚呼,5.2,6.5,
漏損,3.8,3.7,
乞討,3.2,4.3,
討厭鬼,3.5,4.2,
膽大妄為,3.6,6.0,
髒話,3.6,5.0,
超低色散,5.0,3.0,
花癡,4.2,4.8,
草菅人命,2.6,6.7,
揮霍,3.7,5.7,
癡人說夢,3.6,4.1,
不對勁,4.3,3.9,
害臊,4.4,5.3,
洩恨,3.2,6.2,
折斷,4.5,4.5,
陣痛,4.2,5.9,
硬逼,3.9,5.5,
慘死,2.8,6.3,
鬧翻,3.1,6.6,
凋謝,3.9,3.5,
陷害,2.9,5.4,
啼哭,3.9,5.8,
砍掉,3.7,4.6,
潸然淚下,4.0,4.9,
責罵,3.9,6.1,
不得力,4.3,4.0,
乞憐,3.5,4.1,
無效率,3.7,3.6,
尖叫聲,4.7,6.9,
患得患失,3.4,4.0,
不近人情,3.8,4.5,
謬論,3.4,3.0,
好屌,5.9,5.2,
忍氣吞聲,4.0,4.3,
廢話,4.1,3.7,
夭壽,3.3,4.1,
化膿,3.8,3.7,
鉗制,3.7,4.4,
服喪,3.1,4.2,
禍國殃民,2.7,5.5,
傷感情,4.0,4.4,
利用人,3.6,4.2,
狂亂,3.5,6.5,
笑柄,3.9,3.8,
通敵,3.1,4.2,
憤憤不平,4.0,6.5,
砍擊,4.2,5.2,
毒蛇,4.4,3.2,
機八,3.5,4.6,
疙瘩,4.3,3.3,
喧嘩,4.1,4.9,
六親不認,3.1,5.3,
萎靡,3.6,3.6,
空轉,4.5,2.7,
乖張,4.1,2.9,
批駁,3.9,5.8,
懦弱,3.2,3.6,
共體時艱,6.3,3.8,
扭傷,4.0,3.3,
不省人事,3.7,3.4,
人事不省,3.7,3.4,
免談,3.9,4.0,
甜滋滋,6.2,4.9,
胡鬧,3.5,6.6,
短缺,4.1,3.5,
屁用,3.6,5.3,
不可理喻,3.3,6.2,
貪財,3.8,3.9,
荒蕪,3.7,3.0,
惡棍,3.6,4.0,
肉腳,4.0,3.4,
頹喪,3.3,4.1,
撕破臉,2.8,7.0,
喋喋不休,3.8,5.6,
憤恨,3.1,6.6,
嚇出冷汗,4.1,6.3,
嚇出一身冷汗,4.1,6.3,
難以置信,4.9,5.8,
黑手,4.5,2.6,
冤孽,3.1,5.0,
狡辯,3.1,5.1,
一團糟,3.7,4.7,
動怒,3.3,6.6,
曠課,4.3,2.7,
誤人子弟,3.4,3.9,
嗆聲,3.4,5.9,
小人,3.0,4.4,
拆毀,3.7,4.9,
疝氣,4.6,3.2,
假仁假義,3.1,4.1,
畏怯,3.4,3.3,
老娘,4.3,6.4,
厚顏無恥,2.2,5.6,
匪夷所思,4.5,5.4,
遷就,4.1,4.7,
冷眼,3.3,3.1,
冷眼旁觀,3.3,3.1,
失約,3.0,3.8,
戰慄,3.1,6.9,
亂蓋,3.3,4.4,
匪諜,3.0,3.9,
暴戾,2.2,6.5,
自誇,4.0,4.8,
爛車,2.7,5.4,
無動於衷,4.7,2.6,
吹牛,3.9,4.2,
吹牛皮,3.9,4.2,
死寂,2.7,3.4,
惡果,3.1,3.8,
放逐,3.5,3.8,
嗜殺,1.9,6.6,
古板,3.6,3.2,
扯碎,2.9,6.5,
嚇一跳,4.7,6.9,
恥笑,3.3,6.2,
笨豬,2.6,4.5,
狂熱者,4.7,7.5,
狂熱分子,4.7,7.5,
悲歎,3.6,4.2,
亂罵,3.0,6.4,
不成功,3.5,3.4,
髒污,3.5,3.6,
不得要領,3.7,3.9,
功虧一簣,3.0,5.8,
禍根,2.0,4.3,
自命清高,3.1,4.0,
卡住,4.2,4.0,
假正經,3.8,4.0,
吵鬧,3.5,7.2,
吵吵鬧鬧,3.5,7.2,
自怨自艾,3.4,4.5,
自憐自艾,3.4,4.5,
大怒,2.9,7.9,
模稜兩可,5.0,3.4,
冷峻,4.2,3.3,
假惺惺,3.4,4.0,
失神,4.2,3.5,
閃神,4.2,3.5,
低聲下氣,3.2,3.4,
暴虐,2.0,7.5,
低劣,2.1,4.3,
重打,3.2,6.8,
鼾聲,4.8,4.6,
逼走,3.3,6.0,
離間,3.0,4.3,
有得瞧,4.0,4.2,
噱頭,4.2,3.9,
狗眼看人低,2.5,4.2,
送葬,2.4,5.1,
荒誕,2.6,4.3,
回扣,4.8,3.7,
滾回去,2.7,6.4,
欠錢,3.0,4.1,
閒蕩,3.6,3.8,
濫挖,2.6,6.6,
濫砍,2.6,6.6,
甜膩,4.8,4.0,
作廢,3.9,4.1,
冷冷,4.0,3.2,
盜賊,3.3,3.8,
呆笨,3.3,3.9,
混濁,3.7,3.9,
劣根性,3.0,3.8,
絞死,1.3,7.3,
倚老賣老,3.3,4.0,
挨打,2.9,6.4,
蠶食,3.6,3.9,
倒坍,3.6,5.8,
不公正,3.3,4.1,
慘事,2.5,4.6,
壓搾,2.5,5.1,
風涼話,3.8,4.1,
獨斷獨行,4.2,3.7,
摸不清,4.2,3.6,
慚不慚愧,3.9,4.1,
一箭之仇,3.3,4.6,
自閉,3.6,2.9,
作奸犯科,1.9,4.4,
橫肉,2.9,4.1,
傻事,3.8,3.7,
失戀,4.0,5.8,
大哭,3.1,7.7,
發脾氣,3.1,7.6,
心死,2.3,3.7,
斑點,4.8,3.2,
不厚道,3.8,4.1,
含沙射影,3.3,4.1,
荒涼,4.0,3.0,
狂罵,2.8,7.4,
腦滿腸肥,2.5,4.3,
口渴,4.6,4.1,
割斷,4.3,5.2,
挑逗,4.5,5.6,
死光,2.0,5.8,
死光光,2.0,5.8,
不純,3.5,3.4,
呆呆,3.8,3.5,
曬焦,4.1,4.0,
焦躁不安,3.4,5.2,
漂泊,4.7,3.4,
水性楊花,3.1,4.1,
恨你,2.7,7.2,
疤痕,3.5,3.5,
守財奴,3.7,3.6,
死皮賴臉,2.8,4.1,
惹上,3.2,5.1,
惹到,3.2,5.1,
由不得,3.5,4.7,
胡亂,3.3,4.8,
白吃白喝,3.0,4.2,
混戰,3.9,4.6,
刺骨,3.6,4.2,
野性,4.5,4.5,
兇猛,3.5,5.5,
凶猛,3.5,5.5,
赤貧,3.9,3.4,
赤貧者,3.9,3.4,
大惑不解,3.6,4.1,
溺死,2.3,8.2,
又氣又惱,3.6,6.8,
威懾,4.1,5.6,
礙眼,2.0,5.4,
瘋癲,1.4,5.4,
閒閒,4.6,1.8,
設伏,3.8,3.7,
作孽,1.6,5.0,
正經八百,6.3,1.8,
一氣之下,4.1,7.0,
懶人,3.5,1.6,
怠惰,3.2,1.9,
咕噥,4.6,2.4,
耐看,6.2,1.4,
食言而肥,3.6,2.8,
濫捕,2.8,3.8,
裝模做樣,3.1,3.3,
變節,3.2,3.7,
著急,4.3,6.8,
誤人,3.6,3.0,
不倫不類,2.5,4.3,
菜鳥,4.1,2.6,
鄙棄,1.9,4.5,
驚慌失措,3.9,7.0,
倉皇失措,3.9,7.0,
放蕩,3.5,3.6,
肉麻,5.1,3.7,
便民,5.8,1.8,
招搖撞騙,2.4,4.9,
經不起,3.9,3.2,
心狠手辣,2.7,5.4,
代罪羔羊,3.4,3.8,
踉蹌,4.0,5.0,
淚如雨下,4.5,4.5,
沒用,3.4,2.7,
投敵,2.8,3.6,
過河拆橋,2.5,4.7,
由愛生恨,3.9,5.5,
滾遠點,3.0,7.6,
逞強,4.7,4.0,
皺紋,4.9,1.4,
黑洞,5.0,1.1,
臭美,4.0,2.4,
私運,3.6,2.8,
鬧僵,4.2,3.1,
鬧劇,4.0,2.8,
蹩,3.4,3.0,
不穩固,4.1,2.7,
唯利是圖,3.1,3.0,
造福,7.3,2.4,
愁眉苦臉,3.5,2.7,
刺探,4.1,2.4,
敗退,3.1,3.4,
沒道理,3.1,3.9,
扭打,2.8,6.6,
裂開,3.9,3.6,
忿怒,2.3,7.1,
污濁,2.8,2.6,
卑屈,2.2,4.4,
醜事,2.7,3.5,
氣昏,2.5,6.8,
得意揚揚,6.2,5.2,
冒失,3.7,4.3,
冒冒失失,3.7,4.3,
貧瘠,3.6,2.1,
奴性,2.3,2.8,
老氣橫秋,4.2,2.3,
惹怒,3.6,5.7,
目中無人,2.9,4.6,
不均,4.2,2.8,
尖酸刻薄,2.3,5.5,
病魔,3.1,2.2,
碰壁,3.6,3.2,
弄亂,4.2,3.0,
偏遠,4.5,1.4,
狂傲,3.6,4.1,
拖垮,3.0,4.1,
破掉,4.0,3.2,
頑抗,4.5,3.9,
貶損,3.5,2.8,
自以為是,3.3,4.2,
滿腹牢騷,3.6,3.5,
不關心,3.5,1.4,
狂放,4.4,5.3,
除掉,4.0,4.2,
大傷,3.4,4.4,
死纏爛打,2.8,5.9,
心驚肉跳,3.3,7.2,
嘔氣,3.9,5.0,
暗淡,3.7,1.8,
黯淡,3.7,1.8,
爛爆,1.9,6.2,
舊病,3.6,1.8,
舊疾,3.6,1.8,
掩蔽,4.3,1.8,
狗男女,1.5,7.1,
糟透,1.8,6.3,
糟透了,1.8,6.3,
窮光蛋,1.9,3.4,
不甘心,3.4,4.8,
進退維谷,4.1,3.1,
不正確,4.0,2.0,
大材小用,4.5,2.4,
洋鬼子,2.4,3.0,
隕落,2.9,2.6,
垂涎,5.5,2.8,
虛張聲勢,3.9,3.5,
罪孽深重,2.0,4.6,
亡命,2.2,6.3,
凶險,2.5,7.0,
愧疚,3.4,4.0,
鬼叫,3.4,5.3,
報應,2.5,5.4,
深仇大恨,1.6,7.2,
省時,6.4,1.4,
蠢事,3.7,2.2,
驚覺,4.3,5.1,
煞風景,3.5,3.6,
豬母,3.1,4.1,
撐住,5.3,4.0,
怒氣沖沖,3.5,7.2,
認命,4.3,1.4,
畏縮,3.5,2.0,
陰慘,2.5,3.3,
減免,5.4,1.6,
養不起,3.1,3.2,
不修邊幅,3.9,2.9,
憎惡,1.7,7.3,
趁火打劫,2.5,6.5,
動粗,3.3,6.8,
拳打腳踢,3.2,6.9,
撕碎,3.6,6.2,
好戰者,4.1,5.3,
好戰份子,4.1,5.3,
占用,4.5,2.5,
浪蕩,3.4,4.8,
亂說,3.6,4.2,
亂說話,3.6,4.2,
亂講,3.6,4.2,
亂講話,3.6,4.2,
憋死,3.2,5.4,
臨死,2.7,5.0,
干政,3.5,5.3,
乘勝追擊,6.8,7.3,
陷落,3.6,5.1,
慢吞吞,4.5,2.8,
色慾,3.9,6.1,
鬧革命,3.7,6.4,
絆倒,4.6,4.1,
吊兒郎當,4.0,3.8,
鬱結,2.9,2.9,
見死不救,2.2,5.8,
退避,4.1,3.2,
惱火,3.1,6.5,
不務正業,3.0,4.8,
氣死,2.4,7.6,
氣死人,2.4,7.6,
野蠻人,3.0,5.6,
顛沛流離,3.2,4.7,
小家子氣,4.2,3.8,
增設,5.3,2.4,
踹開,4.0,5.5,
憎恨,1.8,8.2,
猛砍,2.6,7.8,
毒手,2.3,6.9,
始作俑者,4.0,4.7,
不恥,3.3,4.8,
分崩離析,3.3,5.1,
耐穿,5.8,2.8,
氣沖沖,3.5,7.1,
歡躍,7.3,7.3,
認輸,3.9,3.5,
變弱,3.9,3.0,
犯愁,3.6,4.3,
世故,4.1,2.4,
不快,3.7,4.5,
潑冷水,3.8,3.5,
愛莫能助,4.4,3.0,
無名小卒,4.4,2.3,
酒鬼,3.1,4.4,
不擇手段,2.9,5.5,
怒髮衝冠,2.4,8.4,
不信,4.3,4.0,
不懼,5.4,5.3,
痛恨,2.1,7.3,
狂野,5.6,6.7,
結仇,3.1,6.2,
煩死,2.7,5.7,
剽竊,2.9,5.0,
悲痛欲絕,1.5,8.5,
做作,3.4,4.7,
欠扁,3.4,6.3,
死要面子,3.6,4.2,
淒涼,2.4,3.5,
不規則,4.7,1.8,
無語,4.4,1.9,
揭穿,4.9,3.5,
私通,2.9,4.9,
勒死,1.7,6.5,
泛濫,3.9,4.0,
狡滑,2.8,5.0,
狡猾,2.8,5.0,
恣意妄為,2.9,5.8,
挺而走險,4.2,5.6,
不合宜,4.3,2.2,
拒付,4.2,2.7,
乾咳,4.6,2.9,
紙老虎,3.9,3.4,
智巧,6.6,3.3,
痛打,3.4,7.1,
驚惶失措,3.6,6.9,
閒混,3.9,2.7,
人人自危,3.6,5.0,
胡謅,3.4,4.8,
胡說,3.4,4.8,
胡說八道,3.4,4.8,
善罷干休,4.0,6.7,
逞威,3.8,5.4,
懶,4.6,2.4,
懶得,4.6,2.4,
掉淚,3.2,5.0,
失焦,4.5,2.9,
死鬼,4.2,4.8,
不必要,4.7,2.8,
下毒,2.4,6.9,
打碎,3.9,5.5,
害蟲,3.4,4.6,
羞澀,5.1,3.0,
男盜女娼,1.9,5.5,
心虛,3.8,3.2,
猛推,4.6,6.5,
愛面子,4.2,4.1,
不懷好意,3.7,4.5,
憂懼,3.4,5.1,
餓死,2.4,5.7,
輸光,2.8,6.3,
臭屁,3.8,4.8,
大嚷,4.3,6.9,
鬧大,3.8,7.3,
德政,7.3,4.9,
眼花,4.3,2.8,
含情脈脈,6.6,4.8,
轟動一時,5.9,7.7,
有病,3.3,4.5,
搞鬼,3.4,4.7,
偽善,3.6,3.9,
粗劣,3.5,3.3,
違禁品,3.4,2.4,
反壟斷,5.0,3.5,
甩不掉,4.7,3.2,
老態龍鍾,4.5,2.4,
強奪,2.9,5.1,
沒完沒了,3.7,4.0,
交媾,4.4,5.6,
亡羊補牢,5.2,4.4,
邋遢,3.6,3.3,
扯破,3.9,4.2,
杜絕,5.1,3.8,
反胃,3.8,4.7,
乖僻,4.7,3.0,
地牢,3.6,3.0,
奴役,2.2,4.9,
自慰,4.6,4.6,
正常化,5.1,2.3,
不恰當,4.4,3.0,
圈套,3.5,4.2,
遼闊,5.6,3.6,
嫻雅,6.2,2.7,
挾怨報復,3.0,4.9,
碰傷,4.2,4.3,
潦倒,3.6,3.7,
凌辱,2.1,6.3,
含恨,2.2,6.5,
心有餘悸,3.3,5.4,
謀反,2.2,5.0,
世儈,3.4,4.1,
愚鈍,3.5,3.3,
福音,6.6,4.1,
胡搞,4.0,4.2,
遮蔽,4.8,2.8,
無價值,4.6,2.4,
沒價值,4.6,2.4,
離群,4.7,2.5,
反悔,4.0,4.0,
吵,4.0,4.8,
吵到,4.0,4.8,
不知,4.6,2.5,
猛撞,3.8,5.2,
性急,4.4,5.3,
僵痛,4.1,4.0,
以訛傳訛,3.7,3.7,
擅離職守,3.5,4.3,
整死,2.2,5.8,
叫囂,3.0,5.8,
斷掉,4.4,3.8,
醜八怪,3.7,4.2,
援交,3.8,4.1,
虛脫,4.1,3.5,
搞政變,2.7,5.4,
惡勢力,2.9,4.9,
好自為之,3.8,3.2,
不學無術,3.7,3.6,
愁苦,3.4,3.5,
喪親,1.9,6.5,
眩光,3.9,3.1,
半死,2.5,4.5,
兩光,4.2,4.2,
左右為難,4.2,4.4,
窩囊,3.1,3.9,
不忠,2.9,4.2,
打亂,3.8,4.7,
女巫,4.1,3.4,
大驚小怪,4.6,4.8,
挑撥離間,3.3,5.0,
大鬧,2.9,5.3,
嫌惡,3.8,4.1,
誤傳,4.4,3.0,
吵鬧聲,4.2,3.8,
短淺,4.1,2.6,
搖尾乞憐,3.1,4.1,
陰險,3.2,4.3,
仗著,4.0,3.7,
吹捧,4.2,4.7,
健忘,4.7,2.8,
混球,3.1,4.8,
忿恨,3.0,6.1,
清涼,5.2,2.6,
屈辱,2.9,4.9,
亂吼,3.7,5.5,
惹毛,3.7,5.0,
死不瞑目,1.9,5.7,
耍狠,3.1,5.7,
誤入,4.2,3.9,
痛哭,2.7,5.6,
慟哭,2.7,5.6,
殘害,2.5,5.9,
爭鬥,3.2,5.3,
忌諱,3.6,4.3,
虛幻,4.7,2.8,
大罵,3.9,4.8,
逆行倒施,3.6,3.6,
皺眉,3.8,3.6,
皺眉頭,3.8,3.6,
不適當,4.1,3.1,
豬狗不如,2.3,5.1,
苦役,2.7,4.1,
慌忙,4.2,5.2,
胖,4.5,2.8,
抓傷,3.9,3.7,
逼問,3.3,5.5,
蝕壞,3.3,3.9,
忍痛,3.4,5.0,
昏昏欲睡,4.1,3.3,
微不足道,4.8,3.0,
玩世不恭,4.0,3.7,
落荒而逃,3.5,5.8,
折舊,4.0,3.4,
哄誘,3.7,4.3,
橫行霸道,2.6,5.3,
令人驚羨,5.4,4.7,
吹噓,4.3,4.5,
五味雜陳,4.2,4.4,
砰然,5.5,6.1,
雜事,4.9,3.6,
矯揉造作,3.9,3.6,
攙假,3.5,3.9,
沈現,3.9,3.7,
沉陷,3.9,3.7,
不近情理,3.9,3.4,
殘疾,4.1,3.0,
割破,4.0,4.0,
割裂,4.0,4.0,
頑皮,4.8,3.3,
危困,3.8,4.3,
孩子氣,4.5,3.4,
言不及義,4.4,3.1,
水汪汪,6.7,4.9,
透亮,7.2,4.7,
不油膩,6.0,4.8,
不粘不糊,6.4,4.9,
不暈染,6.6,4.8,
不暗沈,6.6,5.1,
不暗沉,6.6,5.1,
不黯沉,6.6,5.1,
不黏,6.0,3.7,
不黏膩,6.2,3.8,
水嫩緊緻,7.7,5.2,
白皙,7.1,4.2,
好沖淨,6.8,4.6,
好推勻,6.9,4.4,
好塗,6.6,4.3,
好聞,6.3,4.3,
死白,3.3,5.6,
妖艷,5.8,5.5,
妖豔,5.8,5.5,
明亮動人,7.3,6.2,
油亮,5.3,4.4,
油油亮亮,5.3,4.4,
油油滑滑,3.9,4.3,
油膩,2.7,5.2,
油油膩膩,2.7,5.2,
肥厚,3.1,4.2,
亮晶晶,6.3,5.1,
亮麗,6.9,4.7,
俏麗,6.9,4.7,
柔亮,6.8,4.8,
柔柔亮亮,6.8,4.8,
柔弱,4.8,2.9,
柔嫩,6.4,4.2,
柔柔嫩嫩,6.4,4.2,
粉嫩,6.6,4.2,
粉粉嫩嫩,6.6,4.2,
純凈,6.8,3.0,
素雅,6.2,3.1,
乾硬,2.9,5.2,
乾裂,2.5,5.7,
乾癟,2.7,5.1,
乾癢,3.0,5.9,
堅挺,6.4,4.2,
淡雅,6.4,2.5,
淨白滑嫩,7.6,4.5,
清純,5.8,3.9,
清甜,5.9,4.2,
細致,5.8,3.4,
軟嫩,5.9,5.2,
晶瑩剔透,7.8,6.5,
無眉怪,2.9,5.7,
舒爽,6.5,5.3,
嗆鼻,2.5,6.6,
圓滑,6.4,3.4,
圓滾滾,5.1,4.4,
圓潤,5.7,4.1,
塗不勻,3.4,5.7,
暗沈,2.7,5.2,
暗沉,2.7,5.2,
黯沉,2.7,5.2,
暗變亮,6.6,6.3,
滑順好塗,7.1,6.0,
滑嫩,6.8,5.3,
滑膩,5.0,4.9,
群芳爭艷,7.3,6.0,
嫩滑,6.8,5.3,
蒼白,3.3,4.2,
輕盈,7.0,4.8,
嬌柔,6.4,2.8,
嬌貴,6.0,3.0,
嬌嫩,5.9,3.6,
皺裂,2.0,5.5,
濃豔,5.8,5.5,
鮮嫩,7.0,4.6,
黏悶,2.8,5.6,
黏膩,2.7,5.8,
艷麗,5.8,4.5,
豔麗,5.8,4.5,
苗條,6.7,3.8,
修長,7.0,4.5,
